CIN,COUT,FLOPS,PARAMS,LATENCY,model_path
525,1000,0.5255,1.051,0.0523999,LitePred/outputs/pixel9_tflite_cpu_20260608_230438/kernels/fc/fc_prior_C14AN3.tflite
583,1000,0.5835,1.167,0.057774500000000006,LitePred/outputs/pixel9_tflite_cpu_20260608_230438/kernels/fc/fc_prior_5RKC75.tflite
599,1000,0.5995,1.199,0.0591697,LitePred/outputs/pixel9_tflite_cpu_20260608_230438/kernels/fc/fc_prior_EPXC0I.tflite
647,1000,0.6475,1.295,0.06525109999999999,LitePred/outputs/pixel9_tflite_cpu_20260608_230438/kernels/fc/fc_prior_WY0SQ3.tflite
649,1000,0.6495,1.299,0.06443779999999999,LitePred/outputs/pixel9_tflite_cpu_20260608_230438/kernels/fc/fc_prior_TXI3P2.tflite
660,1000,0.6605,1.321,0.06824960000000001,LitePred/outputs/pixel9_tflite_cpu_20260608_230438/kernels/fc/fc_prior_YCAPIM.tflite
673,1000,0.6735,1.347,0.0729619,LitePred/outputs/pixel9_tflite_cpu_20260608_230438/kernels/fc/fc_prior_T8XPU9.tflite
733,1000,0.7335,1.467,0.07279640000000001,LitePred/outputs/pixel9_tflite_cpu_20260608_230438/kernels/fc/fc_prior_14EU6K.tflite
785,1000,0.7855,1.571,0.0782374,LitePred/outputs/pixel9_tflite_cpu_20260608_230438/kernels/fc/fc_prior_O0PCC5.tflite
815,1000,0.8155,1.631,0.09009650000000001,LitePred/outputs/pixel9_tflite_cpu_20260608_230438/kernels/fc/fc_prior_E8FJYX.tflite
823,1000,0.8235,1.647,0.0898761,LitePred/outputs/pixel9_tflite_cpu_20260608_230438/kernels/fc/fc_prior_JHG2KM.tflite
833,1000,0.8335,1.667,0.0873523,LitePred/outputs/pixel9_tflite_cpu_20260608_230438/kernels/fc/fc_prior_102PRJ.tflite
904,1000,0.9045,1.809,0.09988939999999999,LitePred/outputs/pixel9_tflite_cpu_20260608_230438/kernels/fc/fc_prior_7LHR3T.tflite
1001,1000,1.0015,2.003,0.10859300000000001,LitePred/outputs/pixel9_tflite_cpu_20260608_230438/kernels/fc/fc_prior_LL4WU1.tflite
1032,1000,1.0325,2.065,0.11600400000000001,LitePred/outputs/pixel9_tflite_cpu_20260608_230438/kernels/fc/fc_prior_A8CVUP.tflite
1079,1000,1.0795,2.159,0.120129,LitePred/outputs/pixel9_tflite_cpu_20260608_230438/kernels/fc/fc_prior_Q2ZKY5.tflite
1093,1000,1.0935,2.187,0.12053,LitePred/outputs/pixel9_tflite_cpu_20260608_230438/kernels/fc/fc_prior_P7R745.tflite
1294,1000,1.2945,2.589,0.14190799999999998,LitePred/outputs/pixel9_tflite_cpu_20260608_230438/kernels/fc/fc_prior_K53ZI0.tflite
1301,1000,1.3015,2.603,0.141102,LitePred/outputs/pixel9_tflite_cpu_20260608_230438/kernels/fc/fc_prior_W8Y5K9.tflite
1524,1000,1.5245,3.049,0.167005,LitePred/outputs/pixel9_tflite_cpu_20260608_230438/kernels/fc/fc_prior_G0CA28.tflite
1672,1000,1.6725,3.345,0.19161799999999998,LitePred/outputs/pixel9_tflite_cpu_20260608_230438/kernels/fc/fc_prior_DWFJG3.tflite
1744,1000,1.7445,3.489,0.20220500000000002,LitePred/outputs/pixel9_tflite_cpu_20260608_230438/kernels/fc/fc_prior_5I3162.tflite
1775,1000,1.7755,3.551,0.20366399999999998,LitePred/outputs/pixel9_tflite_cpu_20260608_230438/kernels/fc/fc_prior_Q31V77.tflite
1860,1000,1.8605,3.721,0.213894,LitePred/outputs/pixel9_tflite_cpu_20260608_230438/kernels/fc/fc_prior_PUCM4B.tflite
1863,1000,1.8635,3.727,0.216625,LitePred/outputs/pixel9_tflite_cpu_20260608_230438/kernels/fc/fc_prior_HS1PSF.tflite
1872,1000,1.8725,3.745,0.21776099999999998,LitePred/outputs/pixel9_tflite_cpu_20260608_230438/kernels/fc/fc_prior_9GSK4J.tflite
1886,1000,1.8865,3.773,0.222541,LitePred/outputs/pixel9_tflite_cpu_20260608_230438/kernels/fc/fc_prior_ZMWLFM.tflite
1886,1000,1.8865,3.773,0.218864,LitePred/outputs/pixel9_tflite_cpu_20260608_230438/kernels/fc/fc_prior_NGT371.tflite
1892,1000,1.8925,3.785,0.222108,LitePred/outputs/pixel9_tflite_cpu_20260608_230438/kernels/fc/fc_prior_9NRXHA.tflite
1899,1000,1.8995,3.799,0.215931,LitePred/outputs/pixel9_tflite_cpu_20260608_230438/kernels/fc/fc_prior_10YME1.tflite
1926,1000,1.9265,3.853,0.229284,LitePred/outputs/pixel9_tflite_cpu_20260608_230438/kernels/fc/fc_prior_FDWQX3.tflite
1936,1000,1.9365,3.873,0.22755799999999998,LitePred/outputs/pixel9_tflite_cpu_20260608_230438/kernels/fc/fc_prior_MS3S65.tflite
1939,1000,1.9395,3.879,0.227835,LitePred/outputs/pixel9_tflite_cpu_20260608_230438/kernels/fc/fc_prior_QZ2VWR.tflite
1957,1000,1.9575,3.915,0.230217,LitePred/outputs/pixel9_tflite_cpu_20260608_230438/kernels/fc/fc_prior_244F8X.tflite
1972,1000,1.9725,3.945,0.229595,LitePred/outputs/pixel9_tflite_cpu_20260608_230438/kernels/fc/fc_prior_ZK0ETB.tflite
1998,1000,1.9985,3.997,0.233512,LitePred/outputs/pixel9_tflite_cpu_20260608_230438/kernels/fc/fc_prior_UUEZXS.tflite
2017,1000,2.0175,4.035,0.24147900000000003,LitePred/outputs/pixel9_tflite_cpu_20260608_230438/kernels/fc/fc_prior_LPKTG9.tflite
2032,1000,2.0325,4.065,0.24073599999999998,LitePred/outputs/pixel9_tflite_cpu_20260608_230438/kernels/fc/fc_prior_DOE0M2.tflite
2048,1000,2.0485,4.097,0.23973,LitePred/outputs/pixel9_tflite_cpu_20260608_230438/kernels/fc/fc_prior_BZMVM7.tflite
2094,1000,2.0945,4.189,0.246613,LitePred/outputs/pixel9_tflite_cpu_20260608_230438/kernels/fc/fc_prior_UDDCXZ.tflite
2125,1000,2.1255,4.251,0.256938,LitePred/outputs/pixel9_tflite_cpu_20260608_230438/kernels/fc/fc_prior_KKHWKB.tflite
2149,1000,2.1495,4.299,0.25712799999999997,LitePred/outputs/pixel9_tflite_cpu_20260608_230438/kernels/fc/fc_prior_86WFZ2.tflite
2221,1000,2.2215,4.443,0.265737,LitePred/outputs/pixel9_tflite_cpu_20260608_230438/kernels/fc/fc_prior_WDJ242.tflite
2255,1000,2.2555,4.511,0.26496499999999995,LitePred/outputs/pixel9_tflite_cpu_20260608_230438/kernels/fc/fc_prior_2LW1V9.tflite
2268,1000,2.2685,4.537,0.265396,LitePred/outputs/pixel9_tflite_cpu_20260608_230438/kernels/fc/fc_prior_3YMG1J.tflite
2287,1000,2.2875,4.575,0.281566,LitePred/outputs/pixel9_tflite_cpu_20260608_230438/kernels/fc/fc_prior_LM1X9Y.tflite
2290,1000,2.2905,4.581,0.28339600000000004,LitePred/outputs/pixel9_tflite_cpu_20260608_230438/kernels/fc/fc_prior_DKTODL.tflite
2332,1000,2.3325,4.665,0.286969,LitePred/outputs/pixel9_tflite_cpu_20260608_230438/kernels/fc/fc_prior_XLTCZ1.tflite
3602,1000,3.6025,7.205,0.436054,LitePred/outputs/pixel9_tflite_cpu_20260608_230438/kernels/fc/fc_prior_WM5KKZ.tflite
3636,1000,3.6365,7.273,0.43835700000000005,LitePred/outputs/pixel9_tflite_cpu_20260608_230438/kernels/fc/fc_prior_3VCLL0.tflite
3642,1000,3.6425,7.285,0.437486,LitePred/outputs/pixel9_tflite_cpu_20260608_230438/kernels/fc/fc_prior_6ZGZHP.tflite
3666,1000,3.6665,7.333,0.439935,LitePred/outputs/pixel9_tflite_cpu_20260608_230438/kernels/fc/fc_prior_1TS8GW.tflite
3668,1000,3.6685,7.337,0.441302,LitePred/outputs/pixel9_tflite_cpu_20260608_230438/kernels/fc/fc_prior_74P8SA.tflite
3668,1000,3.6685,7.337,0.440013,LitePred/outputs/pixel9_tflite_cpu_20260608_230438/kernels/fc/fc_prior_KYOG64.tflite
3679,1000,3.6795,7.359,0.439621,LitePred/outputs/pixel9_tflite_cpu_20260608_230438/kernels/fc/fc_prior_ZNSWEM.tflite
3682,1000,3.6825,7.365,0.43779,LitePred/outputs/pixel9_tflite_cpu_20260608_230438/kernels/fc/fc_prior_97BEZC.tflite
3704,1000,3.7045,7.409,0.445565,LitePred/outputs/pixel9_tflite_cpu_20260608_230438/kernels/fc/fc_prior_1VLDWU.tflite
3718,1000,3.7185,7.437,0.441042,LitePred/outputs/pixel9_tflite_cpu_20260608_230438/kernels/fc/fc_prior_4KBNIS.tflite
3727,1000,3.7275,7.455,0.446627,LitePred/outputs/pixel9_tflite_cpu_20260608_230438/kernels/fc/fc_prior_MPPY80.tflite
3744,1000,3.7445,7.489,0.451592,LitePred/outputs/pixel9_tflite_cpu_20260608_230438/kernels/fc/fc_prior_9BIAHB.tflite
3758,1000,3.7585,7.517,0.454875,LitePred/outputs/pixel9_tflite_cpu_20260608_230438/kernels/fc/fc_prior_DLHYEA.tflite
3800,1000,3.8005,7.601,0.46045600000000003,LitePred/outputs/pixel9_tflite_cpu_20260608_230438/kernels/fc/fc_prior_1L0D9K.tflite
3812,1000,3.8125,7.625,0.458443,LitePred/outputs/pixel9_tflite_cpu_20260608_230438/kernels/fc/fc_prior_Y33VLC.tflite
3813,1000,3.8135,7.627,0.461479,LitePred/outputs/pixel9_tflite_cpu_20260608_230438/kernels/fc/fc_prior_35XEIQ.tflite
3819,1000,3.8195,7.639,0.460894,LitePred/outputs/pixel9_tflite_cpu_20260608_230438/kernels/fc/fc_prior_LF3AJR.tflite
3827,1000,3.8275,7.655,0.46460500000000005,LitePred/outputs/pixel9_tflite_cpu_20260608_230438/kernels/fc/fc_prior_7TJG8H.tflite
3839,1000,3.8395,7.679,0.46648500000000004,LitePred/outputs/pixel9_tflite_cpu_20260608_230438/kernels/fc/fc_prior_VAQ716.tflite
3848,1000,3.8485,7.697,0.470245,LitePred/outputs/pixel9_tflite_cpu_20260608_230438/kernels/fc/fc_prior_DDDN8A.tflite
3862,1000,3.8625,7.725,0.47436700000000004,LitePred/outputs/pixel9_tflite_cpu_20260608_230438/kernels/fc/fc_prior_JT0JBX.tflite
3875,1000,3.8755,7.751,0.476051,LitePred/outputs/pixel9_tflite_cpu_20260608_230438/kernels/fc/fc_prior_H4T33L.tflite
3880,1000,3.8805,7.761,0.474225,LitePred/outputs/pixel9_tflite_cpu_20260608_230438/kernels/fc/fc_prior_JBZJ2L.tflite
3904,1000,3.9045,7.809,0.47225599999999995,LitePred/outputs/pixel9_tflite_cpu_20260608_230438/kernels/fc/fc_prior_64JC5Y.tflite
3945,1000,3.9455,7.891,0.48436900000000005,LitePred/outputs/pixel9_tflite_cpu_20260608_230438/kernels/fc/fc_prior_4RN57W.tflite
3964,1000,3.9645,7.929,0.48816000000000004,LitePred/outputs/pixel9_tflite_cpu_20260608_230438/kernels/fc/fc_prior_9YJUUI.tflite
4014,1000,4.0145,8.029,0.5024460000000001,LitePred/outputs/pixel9_tflite_cpu_20260608_230438/kernels/fc/fc_prior_3DV77D.tflite
4026,1000,4.0265,8.053,0.495753,LitePred/outputs/pixel9_tflite_cpu_20260608_230438/kernels/fc/fc_prior_FCICAX.tflite
4073,1000,4.0735,8.147,0.48599200000000004,LitePred/outputs/pixel9_tflite_cpu_20260608_230438/kernels/fc/fc_prior_O4FGEX.tflite
4083,1000,4.0835,8.167,0.500111,LitePred/outputs/pixel9_tflite_cpu_20260608_230438/kernels/fc/fc_prior_31TLIZ.tflite
4093,1000,4.0935,8.187,0.50977,LitePred/outputs/pixel9_tflite_cpu_20260608_230438/kernels/fc/fc_prior_8MPJYN.tflite
4098,1000,4.0985,8.197,0.512535,LitePred/outputs/pixel9_tflite_cpu_20260608_230438/kernels/fc/fc_prior_65YME8.tflite
4112,1000,4.1125,8.225,0.5195839999999999,LitePred/outputs/pixel9_tflite_cpu_20260608_230438/kernels/fc/fc_prior_J8IEZ3.tflite
4116,1000,4.1165,8.233,0.48877499999999996,LitePred/outputs/pixel9_tflite_cpu_20260608_230438/kernels/fc/fc_prior_NA3LKX.tflite
4170,1000,4.1705,8.341,0.512681,LitePred/outputs/pixel9_tflite_cpu_20260608_230438/kernels/fc/fc_prior_NPVTQJ.tflite
4183,1000,4.1835,8.367,0.512525,LitePred/outputs/pixel9_tflite_cpu_20260608_230438/kernels/fc/fc_prior_50WVAU.tflite
4194,1000,4.1945,8.389,0.5319790000000001,LitePred/outputs/pixel9_tflite_cpu_20260608_230438/kernels/fc/fc_prior_S6D0S3.tflite
4197,1000,4.1975,8.395,0.530236,LitePred/outputs/pixel9_tflite_cpu_20260608_230438/kernels/fc/fc_prior_H01FH3.tflite
9194,1000,9.1945,18.389,1.33323,LitePred/outputs/pixel9_tflite_cpu_20260608_230438/kernels/fc/fc_prior_EY8FA7.tflite
9238,1000,9.2385,18.477,1.30047,LitePred/outputs/pixel9_tflite_cpu_20260608_230438/kernels/fc/fc_prior_9Q4F0H.tflite
9722,1000,9.7225,19.445,1.4295,LitePred/outputs/pixel9_tflite_cpu_20260608_230438/kernels/fc/fc_prior_04OZB2.tflite
24563,1000,24.5635,49.127,3.75818,LitePred/outputs/pixel9_tflite_cpu_20260608_230438/kernels/fc/fc_prior_50T9J2.tflite
24571,1000,24.5715,49.143,3.68655,LitePred/outputs/pixel9_tflite_cpu_20260608_230438/kernels/fc/fc_prior_O453ZT.tflite
24588,1000,24.5885,49.177,3.6982199999999996,LitePred/outputs/pixel9_tflite_cpu_20260608_230438/kernels/fc/fc_prior_92B68X.tflite
24670,1000,24.6705,49.341,3.83065,LitePred/outputs/pixel9_tflite_cpu_20260608_230438/kernels/fc/fc_prior_3TLPOX.tflite
24695,1000,24.6955,49.391,3.74312,LitePred/outputs/pixel9_tflite_cpu_20260608_230438/kernels/fc/fc_prior_K7B8CD.tflite
24734,1000,24.7345,49.469,3.76198,LitePred/outputs/pixel9_tflite_cpu_20260608_230438/kernels/fc/fc_prior_0TKMBK.tflite
24848,1000,24.8485,49.697,3.8382199999999997,LitePred/outputs/pixel9_tflite_cpu_20260608_230438/kernels/fc/fc_prior_UC6PCB.tflite
24887,1000,24.8875,49.775,3.74754,LitePred/outputs/pixel9_tflite_cpu_20260608_230438/kernels/fc/fc_prior_53WB0W.tflite
24989,1000,24.9895,49.979,3.8023800000000003,LitePred/outputs/pixel9_tflite_cpu_20260608_230438/kernels/fc/fc_prior_BJQCJP.tflite
24996,1000,24.9965,49.993,3.77531,LitePred/outputs/pixel9_tflite_cpu_20260608_230438/kernels/fc/fc_prior_64SWU9.tflite
25034,1000,25.0345,50.069,3.80037,LitePred/outputs/pixel9_tflite_cpu_20260608_230438/kernels/fc/fc_prior_VS1DG4.tflite
563,1061,0.5978735,1.195747,0.0598687,LitePred/outputs/pixel9_tflite_cpu_20260608_230438/kernels/fc/fc_prior_X514WE.tflite
584,1044,0.610218,1.220436,0.0612153,LitePred/outputs/pixel9_tflite_cpu_20260608_230438/kernels/fc/fc_prior_M9USMA.tflite
641,1014,0.650481,1.300962,0.064536,LitePred/outputs/pixel9_tflite_cpu_20260608_230438/kernels/fc/fc_prior_1CKK4X.tflite
617,1055,0.6514625,1.302925,0.0781252,LitePred/outputs/pixel9_tflite_cpu_20260608_230438/kernels/fc/fc_prior_HYPME5.tflite
746,1047,0.7815855,1.563171,0.09169329999999999,LitePred/outputs/pixel9_tflite_cpu_20260608_230438/kernels/fc/fc_prior_D9Q5FF.tflite
777,1036,0.80549,1.61098,0.0977467,LitePred/outputs/pixel9_tflite_cpu_20260608_230438/kernels/fc/fc_prior_LK2Z9M.tflite
837,1010,0.845875,1.69175,0.09848820000000001,LitePred/outputs/pixel9_tflite_cpu_20260608_230438/kernels/fc/fc_prior_1O10MO.tflite
833,1035,0.8626725,1.725345,0.0976364,LitePred/outputs/pixel9_tflite_cpu_20260608_230438/kernels/fc/fc_prior_X4IMD7.tflite
883,1003,0.8861505,1.772301,0.104299,LitePred/outputs/pixel9_tflite_cpu_20260608_230438/kernels/fc/fc_prior_LMFZ8A.tflite
871,1027,0.8950305,1.790061,0.104601,LitePred/outputs/pixel9_tflite_cpu_20260608_230438/kernels/fc/fc_prior_6OUU5L.tflite
879,1055,0.9278725,1.855745,0.111008,LitePred/outputs/pixel9_tflite_cpu_20260608_230438/kernels/fc/fc_prior_4PYZ36.tflite
913,1048,0.957348,1.914696,0.11145000000000001,LitePred/outputs/pixel9_tflite_cpu_20260608_230438/kernels/fc/fc_prior_07FPDG.tflite
1019,1002,1.021539,2.043078,0.12066500000000001,LitePred/outputs/pixel9_tflite_cpu_20260608_230438/kernels/fc/fc_prior_ERPRVS.tflite
1023,1068,1.093098,2.186196,0.121692,LitePred/outputs/pixel9_tflite_cpu_20260608_230438/kernels/fc/fc_prior_XIWIEA.tflite
1059,1038,1.099761,2.199522,0.118887,LitePred/outputs/pixel9_tflite_cpu_20260608_230438/kernels/fc/fc_prior_2HZBKI.tflite
1083,1044,1.131174,2.262348,0.127172,LitePred/outputs/pixel9_tflite_cpu_20260608_230438/kernels/fc/fc_prior_P43EKF.tflite
1129,1005,1.1351475,2.270295,0.13632,LitePred/outputs/pixel9_tflite_cpu_20260608_230438/kernels/fc/fc_prior_RJD27C.tflite
1117,1038,1.159965,2.31993,0.14263900000000002,LitePred/outputs/pixel9_tflite_cpu_20260608_230438/kernels/fc/fc_prior_DC2709.tflite
1361,1070,1.456805,2.91361,0.172181,LitePred/outputs/pixel9_tflite_cpu_20260608_230438/kernels/fc/fc_prior_TXSI3V.tflite
1472,1031,1.5181475,3.036295,0.18040299999999998,LitePred/outputs/pixel9_tflite_cpu_20260608_230438/kernels/fc/fc_prior_EQSW9G.tflite
1728,1042,1.801097,3.602194,0.2122,LitePred/outputs/pixel9_tflite_cpu_20260608_230438/kernels/fc/fc_prior_YU31ZK.tflite
1872,1031,1.9305475,3.861095,0.22850299999999998,LitePred/outputs/pixel9_tflite_cpu_20260608_230438/kernels/fc/fc_prior_HJ9KA2.tflite
1883,1025,1.9305875,3.861175,0.228178,LitePred/outputs/pixel9_tflite_cpu_20260608_230438/kernels/fc/fc_prior_X1RKUM.tflite
1995,1015,2.0254325,4.050865,0.23693,LitePred/outputs/pixel9_tflite_cpu_20260608_230438/kernels/fc/fc_prior_IDDK89.tflite
2030,1006,2.042683,4.085366,0.22900299999999998,LitePred/outputs/pixel9_tflite_cpu_20260608_230438/kernels/fc/fc_prior_DSW3XT.tflite
1992,1037,2.0662225,4.132445,0.23322900000000002,LitePred/outputs/pixel9_tflite_cpu_20260608_230438/kernels/fc/fc_prior_QEMWEE.tflite
2071,1008,2.088072,4.176144,0.24658000000000002,LitePred/outputs/pixel9_tflite_cpu_20260608_230438/kernels/fc/fc_prior_P28PR9.tflite
2128,1005,2.1391425,4.278285,0.253044,LitePred/outputs/pixel9_tflite_cpu_20260608_230438/kernels/fc/fc_prior_SD61V3.tflite
2029,1061,2.1532995,4.306599,0.25416300000000003,LitePred/outputs/pixel9_tflite_cpu_20260608_230438/kernels/fc/fc_prior_DXV45S.tflite
2219,1007,2.2350365,4.470073,0.261681,LitePred/outputs/pixel9_tflite_cpu_20260608_230438/kernels/fc/fc_prior_85AXQ4.tflite
2117,1064,2.25302,4.50604,0.267338,LitePred/outputs/pixel9_tflite_cpu_20260608_230438/kernels/fc/fc_prior_OY1URG.tflite
2252,1007,2.2682675,4.536535,0.27173899999999995,LitePred/outputs/pixel9_tflite_cpu_20260608_230438/kernels/fc/fc_prior_HFGQ1P.tflite
562,4083,2.2966875,4.593375,0.272177,LitePred/outputs/pixel9_tflite_cpu_20260608_230438/kernels/fc/fc_prior_8LA69S.tflite
2284,1074,2.453553,4.907106,0.28409300000000004,LitePred/outputs/pixel9_tflite_cpu_20260608_230438/kernels/fc/fc_prior_KVMHKU.tflite
2338,1076,2.516226,5.032452,0.289981,LitePred/outputs/pixel9_tflite_cpu_20260608_230438/kernels/fc/fc_prior_V4M2D4.tflite
639,4038,2.582301,5.164602,0.31015499999999996,LitePred/outputs/pixel9_tflite_cpu_20260608_230438/kernels/fc/fc_prior_IB9S6L.tflite
679,4032,2.739744,5.479488,0.332851,LitePred/outputs/pixel9_tflite_cpu_20260608_230438/kernels/fc/fc_prior_7GJ5TT.tflite
685,4066,2.787243,5.574486,0.34180900000000003,LitePred/outputs/pixel9_tflite_cpu_20260608_230438/kernels/fc/fc_prior_YKJYA4.tflite
822,4057,3.3368825,6.673765,0.410579,LitePred/outputs/pixel9_tflite_cpu_20260608_230438/kernels/fc/fc_prior_0BBKRZ.tflite
3668,1001,3.6721685,7.344337,0.44282900000000003,LitePred/outputs/pixel9_tflite_cpu_20260608_230438/kernels/fc/fc_prior_64YPV8.tflite
3744,1023,3.8306235,7.661247,0.46712,LitePred/outputs/pixel9_tflite_cpu_20260608_230438/kernels/fc/fc_prior_XCAJAI.tflite
3617,1065,3.8526375,7.705275,0.471279,LitePred/outputs/pixel9_tflite_cpu_20260608_230438/kernels/fc/fc_prior_RPE50D.tflite
3790,1022,3.873891,7.747782,0.472992,LitePred/outputs/pixel9_tflite_cpu_20260608_230438/kernels/fc/fc_prior_2XANLN.tflite
3757,1033,3.8814975,7.762995,0.484091,LitePred/outputs/pixel9_tflite_cpu_20260608_230438/kernels/fc/fc_prior_WBSJ75.tflite
3703,1051,3.8923785,7.784757,0.48127499999999995,LitePred/outputs/pixel9_tflite_cpu_20260608_230438/kernels/fc/fc_prior_FI4ETL.tflite
3844,1013,3.8944785,7.788957,0.48196,LitePred/outputs/pixel9_tflite_cpu_20260608_230438/kernels/fc/fc_prior_4SD4SC.tflite
3771,1036,3.907274,7.814548,0.48145499999999997,LitePred/outputs/pixel9_tflite_cpu_20260608_230438/kernels/fc/fc_prior_EFW71C.tflite
3760,1045,3.9297225,7.859445,0.485254,LitePred/outputs/pixel9_tflite_cpu_20260608_230438/kernels/fc/fc_prior_9KICO0.tflite
3814,1048,3.997596,7.995192,0.49703699999999995,LitePred/outputs/pixel9_tflite_cpu_20260608_230438/kernels/fc/fc_prior_DETC0X.tflite
3895,1033,4.0240515,8.048103,0.504166,LitePred/outputs/pixel9_tflite_cpu_20260608_230438/kernels/fc/fc_prior_6SYQYA.tflite
3799,1072,4.073064,8.146128,0.508205,LitePred/outputs/pixel9_tflite_cpu_20260608_230438/kernels/fc/fc_prior_8A3O9E.tflite
4066,1015,4.1274975,8.254995,0.520156,LitePred/outputs/pixel9_tflite_cpu_20260608_230438/kernels/fc/fc_prior_8WR8CD.tflite
4021,1030,4.142145,8.28429,0.520726,LitePred/outputs/pixel9_tflite_cpu_20260608_230438/kernels/fc/fc_prior_3TUKKW.tflite
3913,1072,4.195272,8.390544,0.533098,LitePred/outputs/pixel9_tflite_cpu_20260608_230438/kernels/fc/fc_prior_5GXOUD.tflite
4128,1017,4.1986845,8.397369,0.538672,LitePred/outputs/pixel9_tflite_cpu_20260608_230438/kernels/fc/fc_prior_TA6SHX.tflite
4062,1047,4.2534375,8.506875,0.547274,LitePred/outputs/pixel9_tflite_cpu_20260608_230438/kernels/fc/fc_prior_IBROW8.tflite
4161,1034,4.302991,8.605982,0.499178,LitePred/outputs/pixel9_tflite_cpu_20260608_230438/kernels/fc/fc_prior_T8Y8Z2.tflite
4130,1046,4.320503,8.641006,0.5107269999999999,LitePred/outputs/pixel9_tflite_cpu_20260608_230438/kernels/fc/fc_prior_UAISMW.tflite
4147,1047,4.3424325,8.684865,0.5264139999999999,LitePred/outputs/pixel9_tflite_cpu_20260608_230438/kernels/fc/fc_prior_6S0G2J.tflite
1090,4085,4.4546925,8.909385,0.585145,LitePred/outputs/pixel9_tflite_cpu_20260608_230438/kernels/fc/fc_prior_Y8VTP1.tflite
4194,1075,4.5090875,9.018175,0.613577,LitePred/outputs/pixel9_tflite_cpu_20260608_230438/kernels/fc/fc_prior_EOYNKD.tflite
1113,4073,4.5352855,9.070571,0.593457,LitePred/outputs/pixel9_tflite_cpu_20260608_230438/kernels/fc/fc_prior_XXGLDE.tflite
1173,4064,4.769104,9.538208,0.645046,LitePred/outputs/pixel9_tflite_cpu_20260608_230438/kernels/fc/fc_prior_0PE915.tflite
1294,4082,5.284149,10.568298,0.782802,LitePred/outputs/pixel9_tflite_cpu_20260608_230438/kernels/fc/fc_prior_HB8GME.tflite
1541,4062,6.261573,12.523146,0.9809629999999999,LitePred/outputs/pixel9_tflite_cpu_20260608_230438/kernels/fc/fc_prior_YQEUHT.tflite
1866,4070,7.596655,15.19331,1.0546900000000001,LitePred/outputs/pixel9_tflite_cpu_20260608_230438/kernels/fc/fc_prior_OP2I4U.tflite
2274,4032,9.170784,18.341568,1.3115999999999999,LitePred/outputs/pixel9_tflite_cpu_20260608_230438/kernels/fc/fc_prior_SM1D1I.tflite
2323,4090,9.503115,19.00623,1.34528,LitePred/outputs/pixel9_tflite_cpu_20260608_230438/kernels/fc/fc_prior_QJXJS6.tflite
2333,4073,9.5043455,19.008691,1.37869,LitePred/outputs/pixel9_tflite_cpu_20260608_230438/kernels/fc/fc_prior_ZN5ZGQ.tflite
9508,1040,9.88884,19.77768,1.4596900000000002,LitePred/outputs/pixel9_tflite_cpu_20260608_230438/kernels/fc/fc_prior_KZ8GJ7.tflite
9583,1046,10.024341,20.048682,1.46146,LitePred/outputs/pixel9_tflite_cpu_20260608_230438/kernels/fc/fc_prior_OROHDD.tflite
9579,1072,10.269224,20.538448,1.5276500000000002,LitePred/outputs/pixel9_tflite_cpu_20260608_230438/kernels/fc/fc_prior_0Z6CGI.tflite
3593,4054,14.568049,29.136098,2.16419,LitePred/outputs/pixel9_tflite_cpu_20260608_230438/kernels/fc/fc_prior_TDO1US.tflite
3584,4066,14.574577,29.149154,2.14795,LitePred/outputs/pixel9_tflite_cpu_20260608_230438/kernels/fc/fc_prior_81BNKN.tflite
3657,4053,14.8238475,29.647695,2.15606,LitePred/outputs/pixel9_tflite_cpu_20260608_230438/kernels/fc/fc_prior_CJRUQ7.tflite
3666,4073,14.9336545,29.867309,2.22039,LitePred/outputs/pixel9_tflite_cpu_20260608_230438/kernels/fc/fc_prior_WD8INZ.tflite
3718,4051,15.0636435,30.127287,2.26167,LitePred/outputs/pixel9_tflite_cpu_20260608_230438/kernels/fc/fc_prior_51Z2W0.tflite
3754,4018,15.085581,30.171162,2.27222,LitePred/outputs/pixel9_tflite_cpu_20260608_230438/kernels/fc/fc_prior_9OU8ZC.tflite
3751,4051,15.1973265,30.394653,2.25649,LitePred/outputs/pixel9_tflite_cpu_20260608_230438/kernels/fc/fc_prior_53KC2P.tflite
3779,4055,15.3258725,30.651745,2.23127,LitePred/outputs/pixel9_tflite_cpu_20260608_230438/kernels/fc/fc_prior_4KEPG8.tflite
3772,4069,15.3503025,30.700605,2.25322,LitePred/outputs/pixel9_tflite_cpu_20260608_230438/kernels/fc/fc_prior_K8NXKD.tflite
3793,4059,15.3978165,30.795633,2.24725,LitePred/outputs/pixel9_tflite_cpu_20260608_230438/kernels/fc/fc_prior_3PJ3EP.tflite
3815,4058,15.483299,30.966598,2.29108,LitePred/outputs/pixel9_tflite_cpu_20260608_230438/kernels/fc/fc_prior_GDLKIP.tflite
3822,4081,15.5996225,31.199245,2.29419,LitePred/outputs/pixel9_tflite_cpu_20260608_230438/kernels/fc/fc_prior_3CHGED.tflite
3943,4088,16.121028,32.242056,2.78104,LitePred/outputs/pixel9_tflite_cpu_20260608_230438/kernels/fc/fc_prior_42ENGM.tflite
4004,4061,16.2622745,32.524549,2.82273,LitePred/outputs/pixel9_tflite_cpu_20260608_230438/kernels/fc/fc_prior_XK7RUM.tflite
4016,4049,16.2628085,32.525617,3.08623,LitePred/outputs/pixel9_tflite_cpu_20260608_230438/kernels/fc/fc_prior_8N1M82.tflite
3978,4093,16.2840005,32.568001,3.0846799999999996,LitePred/outputs/pixel9_tflite_cpu_20260608_230438/kernels/fc/fc_prior_38T2AW.tflite
4066,4026,16.371729,32.743458,3.74497,LitePred/outputs/pixel9_tflite_cpu_20260608_230438/kernels/fc/fc_prior_Q7QG00.tflite
4076,4045,16.4894425,32.978885,3.77983,LitePred/outputs/pixel9_tflite_cpu_20260608_230438/kernels/fc/fc_prior_1ETKWJ.tflite
4079,4077,16.6321215,33.264243,3.62325,LitePred/outputs/pixel9_tflite_cpu_20260608_230438/kernels/fc/fc_prior_HEYRLP.tflite
4167,4019,16.7491825,33.498365,3.01525,LitePred/outputs/pixel9_tflite_cpu_20260608_230438/kernels/fc/fc_prior_CVQ1Z7.tflite
4131,4088,16.889572,33.779144,2.51218,LitePred/outputs/pixel9_tflite_cpu_20260608_230438/kernels/fc/fc_prior_QVZPAS.tflite
24766,1014,25.113231,50.226462,3.79506,LitePred/outputs/pixel9_tflite_cpu_20260608_230438/kernels/fc/fc_prior_OTPBNL.tflite
24596,1022,25.137623,50.275246,3.81461,LitePred/outputs/pixel9_tflite_cpu_20260608_230438/kernels/fc/fc_prior_AHQQ4H.tflite
24560,1049,25.7639645,51.527929,3.97603,LitePred/outputs/pixel9_tflite_cpu_20260608_230438/kernels/fc/fc_prior_WF9ZUG.tflite
24753,1067,26.4119845,52.823969,4.09881,LitePred/outputs/pixel9_tflite_cpu_20260608_230438/kernels/fc/fc_prior_010DWV.tflite
9403,4065,38.2252275,76.450455,5.96614,LitePred/outputs/pixel9_tflite_cpu_20260608_230438/kernels/fc/fc_prior_6G186D.tflite
9672,4049,39.1639525,78.327905,6.02883,LitePred/outputs/pixel9_tflite_cpu_20260608_230438/kernels/fc/fc_prior_1H5KYE.tflite
24992,4072,101.76946,203.53892,15.0509,LitePred/outputs/pixel9_tflite_cpu_20260608_230438/kernels/fc/fc_prior_HIRWT8.tflite
