HW,CIN,COUT,KERNEL_SIZE,STRIDES,FLOPS,PARAMS,LATENCY,model_path
1,32,26,1,1,0.000858,0.000858,0.00022012599999999999,LitePred/outputs/pixel9_tflite_cpu_20260608_194312/kernels/conv-bn-relu/conv-bn-relu_prior_GVHFGQ.tflite
7,58,10,1,1,0.02891,0.00059,0.00270968,LitePred/outputs/pixel9_tflite_cpu_20260608_194312/kernels/conv-bn-relu/conv-bn-relu_prior_PL8LA6.tflite
1,18,65,5,1,0.029315,0.029315,0.0033466200000000002,LitePred/outputs/pixel9_tflite_cpu_20260608_194312/kernels/conv-bn-relu/conv-bn-relu_prior_SKVMHK.tflite
1,262,6,5,1,0.039306,0.039306,0.00528472,LitePred/outputs/pixel9_tflite_cpu_20260608_194312/kernels/conv-bn-relu/conv-bn-relu_prior_AV4M2D.tflite
1,204,217,1,1,0.044485,0.044485,0.00459227,LitePred/outputs/pixel9_tflite_cpu_20260608_194312/kernels/conv-bn-relu/conv-bn-relu_prior_4IB9S6.tflite
8,171,6,1,1,0.066048,0.001032,0.00469127,LitePred/outputs/pixel9_tflite_cpu_20260608_194312/kernels/conv-bn-relu/conv-bn-relu_prior_7GJ5TT.tflite
3,124,68,1,1,0.0765,0.0085,0.00546315,LitePred/outputs/pixel9_tflite_cpu_20260608_194312/kernels/conv-bn-relu/conv-bn-relu_prior_YKJYA4.tflite
13,10,79,1,1,0.146861,0.000869,0.009324579999999999,LitePred/outputs/pixel9_tflite_cpu_20260608_194312/kernels/conv-bn-relu/conv-bn-relu_prior_0BBKRZ.tflite
13,12,76,1,1,0.166972,0.000988,0.010551999999999999,LitePred/outputs/pixel9_tflite_cpu_20260608_194312/kernels/conv-bn-relu/conv-bn-relu_prior_64YPV8.tflite
3,219,497,1,2,0.246015,0.10934,0.0328764,LitePred/outputs/pixel9_tflite_cpu_20260608_194312/kernels/conv-bn-relu/conv-bn-relu_prior_XCAJAI.tflite
1,265,87,7,2,0.2824455,1.129782,0.12768300000000002,LitePred/outputs/pixel9_tflite_cpu_20260608_194312/kernels/conv-bn-relu/conv-bn-relu_prior_RPE50D.tflite
14,244,6,1,1,0.28812,0.00147,0.0197739,LitePred/outputs/pixel9_tflite_cpu_20260608_194312/kernels/conv-bn-relu/conv-bn-relu_prior_2XANLN.tflite
8,43,107,1,1,0.301312,0.004708,0.0168202,LitePred/outputs/pixel9_tflite_cpu_20260608_194312/kernels/conv-bn-relu/conv-bn-relu_prior_WBSJ75.tflite
8,93,52,1,1,0.312832,0.004888,0.0175499,LitePred/outputs/pixel9_tflite_cpu_20260608_194312/kernels/conv-bn-relu/conv-bn-relu_prior_FI4ETL.tflite
56,14,7,1,1,0.32928,0.000105,0.023705300000000002,LitePred/outputs/pixel9_tflite_cpu_20260608_194312/kernels/conv-bn-relu/conv-bn-relu_prior_4SD4SC.tflite
13,21,49,3,2,0.3933475,0.00931,0.0283821,LitePred/outputs/pixel9_tflite_cpu_20260608_194312/kernels/conv-bn-relu/conv-bn-relu_prior_EFW71C.tflite
14,21,93,1,1,0.401016,0.002046,0.0228039,LitePred/outputs/pixel9_tflite_cpu_20260608_194312/kernels/conv-bn-relu/conv-bn-relu_prior_9KICO0.tflite
27,236,10,1,2,0.4319325,0.00237,0.0385182,LitePred/outputs/pixel9_tflite_cpu_20260608_194312/kernels/conv-bn-relu/conv-bn-relu_prior_DETC0X.tflite
28,38,15,1,1,0.45864,0.000585,0.0262066,LitePred/outputs/pixel9_tflite_cpu_20260608_194312/kernels/conv-bn-relu/conv-bn-relu_prior_6SYQYA.tflite
27,18,16,3,2,0.475308,0.002608,0.0256918,LitePred/outputs/pixel9_tflite_cpu_20260608_194312/kernels/conv-bn-relu/conv-bn-relu_prior_8A3O9E.tflite
14,49,49,1,1,0.4802,0.00245,0.0285065,LitePred/outputs/pixel9_tflite_cpu_20260608_194312/kernels/conv-bn-relu/conv-bn-relu_prior_8WR8CD.tflite
14,130,19,1,1,0.487844,0.002489,0.031052399999999997,LitePred/outputs/pixel9_tflite_cpu_20260608_194312/kernels/conv-bn-relu/conv-bn-relu_prior_3TUKKW.tflite
28,88,28,1,2,0.488432,0.002492,0.0292171,LitePred/outputs/pixel9_tflite_cpu_20260608_194312/kernels/conv-bn-relu/conv-bn-relu_prior_5GXOUD.tflite
8,1064,29,1,2,0.49416,0.030885,0.0306409,LitePred/outputs/pixel9_tflite_cpu_20260608_194312/kernels/conv-bn-relu/conv-bn-relu_prior_TA6SHX.tflite
8,51,159,1,1,0.529152,0.008268,0.0282645,LitePred/outputs/pixel9_tflite_cpu_20260608_194312/kernels/conv-bn-relu/conv-bn-relu_prior_IBROW8.tflite
14,27,100,1,1,0.5488,0.0028,0.0307422,LitePred/outputs/pixel9_tflite_cpu_20260608_194312/kernels/conv-bn-relu/conv-bn-relu_prior_T8Y8Z2.tflite
27,27,28,1,1,0.571536,0.000784,0.0350405,LitePred/outputs/pixel9_tflite_cpu_20260608_194312/kernels/conv-bn-relu/conv-bn-relu_prior_UAISMW.tflite
13,33,120,1,1,0.68952,0.00408,0.0371603,LitePred/outputs/pixel9_tflite_cpu_20260608_194312/kernels/conv-bn-relu/conv-bn-relu_prior_6S0G2J.tflite
27,236,4,1,1,0.691092,0.000948,0.06964390000000001,LitePred/outputs/pixel9_tflite_cpu_20260608_194312/kernels/conv-bn-relu/conv-bn-relu_prior_Y8VTP1.tflite
28,174,21,1,2,0.7203,0.003675,0.0422585,LitePred/outputs/pixel9_tflite_cpu_20260608_194312/kernels/conv-bn-relu/conv-bn-relu_prior_EOYNKD.tflite
7,81,21,3,1,0.75117,0.01533,0.0461989,LitePred/outputs/pixel9_tflite_cpu_20260608_194312/kernels/conv-bn-relu/conv-bn-relu_prior_XXGLDE.tflite
14,526,33,1,2,0.852159,0.017391,0.0566217,LitePred/outputs/pixel9_tflite_cpu_20260608_194312/kernels/conv-bn-relu/conv-bn-relu_prior_0PE915.tflite
27,198,6,1,1,0.870426,0.001194,0.05982,LitePred/outputs/pixel9_tflite_cpu_20260608_194312/kernels/conv-bn-relu/conv-bn-relu_prior_HB8GME.tflite
14,75,60,1,1,0.89376,0.00456,0.0484608,LitePred/outputs/pixel9_tflite_cpu_20260608_194312/kernels/conv-bn-relu/conv-bn-relu_prior_YQEUHT.tflite
8,57,250,1,1,0.928,0.0145,0.0496156,LitePred/outputs/pixel9_tflite_cpu_20260608_194312/kernels/conv-bn-relu/conv-bn-relu_prior_OP2I4U.tflite
13,159,4,3,1,0.968032,0.005728,0.097484,LitePred/outputs/pixel9_tflite_cpu_20260608_194312/kernels/conv-bn-relu/conv-bn-relu_prior_SM1D1I.tflite
13,179,38,1,1,1.15596,0.00684,0.0624757,LitePred/outputs/pixel9_tflite_cpu_20260608_194312/kernels/conv-bn-relu/conv-bn-relu_prior_QJXJS6.tflite
28,12,478,1,2,1.217944,0.006214,0.07237,LitePred/outputs/pixel9_tflite_cpu_20260608_194312/kernels/conv-bn-relu/conv-bn-relu_prior_ZN5ZGQ.tflite
27,132,13,1,1,1.260441,0.001729,0.0803011,LitePred/outputs/pixel9_tflite_cpu_20260608_194312/kernels/conv-bn-relu/conv-bn-relu_prior_KZ8GJ7.tflite
14,138,56,1,1,1.525664,0.007784,0.0768704,LitePred/outputs/pixel9_tflite_cpu_20260608_194312/kernels/conv-bn-relu/conv-bn-relu_prior_OROHDD.tflite
8,788,32,1,1,1.615872,0.025248,0.0828285,LitePred/outputs/pixel9_tflite_cpu_20260608_194312/kernels/conv-bn-relu/conv-bn-relu_prior_0Z6CGI.tflite
8,71,40,3,1,1.6384,0.0256,0.08229829999999999,LitePred/outputs/pixel9_tflite_cpu_20260608_194312/kernels/conv-bn-relu/conv-bn-relu_prior_TDO1US.tflite
8,154,179,1,1,1.77568,0.027745,0.0927167,LitePred/outputs/pixel9_tflite_cpu_20260608_194312/kernels/conv-bn-relu/conv-bn-relu_prior_81BNKN.tflite
13,152,69,1,1,1.784133,0.010557,0.0954693,LitePred/outputs/pixel9_tflite_cpu_20260608_194312/kernels/conv-bn-relu/conv-bn-relu_prior_CJRUQ7.tflite
14,257,36,1,1,1.820448,0.009288,0.101825,LitePred/outputs/pixel9_tflite_cpu_20260608_194312/kernels/conv-bn-relu/conv-bn-relu_prior_WD8INZ.tflite
13,155,71,1,1,1.871844,0.011076,0.0968326,LitePred/outputs/pixel9_tflite_cpu_20260608_194312/kernels/conv-bn-relu/conv-bn-relu_prior_51Z2W0.tflite
13,22,508,1,1,1.974596,0.011684,0.11089199999999999,LitePred/outputs/pixel9_tflite_cpu_20260608_194312/kernels/conv-bn-relu/conv-bn-relu_prior_9OU8ZC.tflite
28,81,32,1,1,2.057216,0.002624,0.104791,LitePred/outputs/pixel9_tflite_cpu_20260608_194312/kernels/conv-bn-relu/conv-bn-relu_prior_53KC2P.tflite
28,531,5,1,1,2.08544,0.00266,0.1705,LitePred/outputs/pixel9_tflite_cpu_20260608_194312/kernels/conv-bn-relu/conv-bn-relu_prior_4KEPG8.tflite
8,207,157,1,1,2.089984,0.032656,0.108336,LitePred/outputs/pixel9_tflite_cpu_20260608_194312/kernels/conv-bn-relu/conv-bn-relu_prior_K8NXKD.tflite
14,228,48,1,1,2.154432,0.010992,0.10871800000000001,LitePred/outputs/pixel9_tflite_cpu_20260608_194312/kernels/conv-bn-relu/conv-bn-relu_prior_3PJ3EP.tflite
27,108,110,1,2,2.1851775,0.01199,0.124156,LitePred/outputs/pixel9_tflite_cpu_20260608_194312/kernels/conv-bn-relu/conv-bn-relu_prior_GDLKIP.tflite
28,268,11,1,1,2.319856,0.002959,0.171427,LitePred/outputs/pixel9_tflite_cpu_20260608_194312/kernels/conv-bn-relu/conv-bn-relu_prior_3CHGED.tflite
56,28,26,1,1,2.364544,0.000754,0.155231,LitePred/outputs/pixel9_tflite_cpu_20260608_194312/kernels/conv-bn-relu/conv-bn-relu_prior_42ENGM.tflite
27,75,45,1,1,2.49318,0.00342,0.136185,LitePred/outputs/pixel9_tflite_cpu_20260608_194312/kernels/conv-bn-relu/conv-bn-relu_prior_XK7RUM.tflite
14,260,50,1,1,2.5578,0.01305,0.14443,LitePred/outputs/pixel9_tflite_cpu_20260608_194312/kernels/conv-bn-relu/conv-bn-relu_prior_8N1M82.tflite
13,203,75,1,1,2.5857,0.0153,0.14055199999999998,LitePred/outputs/pixel9_tflite_cpu_20260608_194312/kernels/conv-bn-relu/conv-bn-relu_prior_38T2AW.tflite
1,226,464,5,1,2.622064,2.622064,0.293791,LitePred/outputs/pixel9_tflite_cpu_20260608_194312/kernels/conv-bn-relu/conv-bn-relu_prior_Q7QG00.tflite
13,175,10,3,1,2.66344,0.01576,0.214572,LitePred/outputs/pixel9_tflite_cpu_20260608_194312/kernels/conv-bn-relu/conv-bn-relu_prior_1ETKWJ.tflite
3,167,74,5,1,2.781216,0.309024,0.195934,LitePred/outputs/pixel9_tflite_cpu_20260608_194312/kernels/conv-bn-relu/conv-bn-relu_prior_HEYRLP.tflite
14,849,67,1,2,2.79055,0.05695,0.16325,LitePred/outputs/pixel9_tflite_cpu_20260608_194312/kernels/conv-bn-relu/conv-bn-relu_prior_CVQ1Z7.tflite
14,133,113,1,1,2.967832,0.015142,0.15750899999999998,LitePred/outputs/pixel9_tflite_cpu_20260608_194312/kernels/conv-bn-relu/conv-bn-relu_prior_QVZPAS.tflite
28,121,32,1,1,3.060736,0.003904,0.155875,LitePred/outputs/pixel9_tflite_cpu_20260608_194312/kernels/conv-bn-relu/conv-bn-relu_prior_OTPBNL.tflite
56,140,7,1,1,3.095232,0.000987,0.181286,LitePred/outputs/pixel9_tflite_cpu_20260608_194312/kernels/conv-bn-relu/conv-bn-relu_prior_AHQQ4H.tflite
8,104,54,3,1,3.238272,0.050598,0.168422,LitePred/outputs/pixel9_tflite_cpu_20260608_194312/kernels/conv-bn-relu/conv-bn-relu_prior_WF9ZUG.tflite
14,16,1011,1,1,3.368652,0.017187,0.19039599999999998,LitePred/outputs/pixel9_tflite_cpu_20260608_194312/kernels/conv-bn-relu/conv-bn-relu_prior_010DWV.tflite
13,20,116,3,1,3.548324,0.020996,0.18564,LitePred/outputs/pixel9_tflite_cpu_20260608_194312/kernels/conv-bn-relu/conv-bn-relu_prior_6G186D.tflite
13,43,482,1,1,3.584152,0.021208,0.192425,LitePred/outputs/pixel9_tflite_cpu_20260608_194312/kernels/conv-bn-relu/conv-bn-relu_prior_1H5KYE.tflite
27,120,43,1,1,3.792987,0.005203,0.214012,LitePred/outputs/pixel9_tflite_cpu_20260608_194312/kernels/conv-bn-relu/conv-bn-relu_prior_HIRWT8.tflite
28,72,67,1,1,3.834544,0.004891,0.20901,LitePred/outputs/pixel9_tflite_cpu_20260608_194312/kernels/conv-bn-relu/conv-bn-relu_prior_PG11VN.tflite
8,374,162,1,1,3.888,0.06075,0.205358,LitePred/outputs/pixel9_tflite_cpu_20260608_194312/kernels/conv-bn-relu/conv-bn-relu_prior_E1HH35.tflite
13,17,153,3,1,3.981978,0.023562,0.211091,LitePred/outputs/pixel9_tflite_cpu_20260608_194312/kernels/conv-bn-relu/conv-bn-relu_prior_VJCB74.tflite
13,250,95,1,1,4.029805,0.023845,0.206803,LitePred/outputs/pixel9_tflite_cpu_20260608_194312/kernels/conv-bn-relu/conv-bn-relu_prior_Q1QJIZ.tflite
13,77,319,1,1,4.205058,0.024882,0.218128,LitePred/outputs/pixel9_tflite_cpu_20260608_194312/kernels/conv-bn-relu/conv-bn-relu_prior_DX38X4.tflite
56,6,193,1,1,4.236736,0.001351,0.31276299999999996,LitePred/outputs/pixel9_tflite_cpu_20260608_194312/kernels/conv-bn-relu/conv-bn-relu_prior_SJ6RLN.tflite
8,678,100,1,1,4.3456,0.0679,0.22945500000000002,LitePred/outputs/pixel9_tflite_cpu_20260608_194312/kernels/conv-bn-relu/conv-bn-relu_prior_IEMF4V.tflite
28,111,51,1,1,4.478208,0.005712,0.248356,LitePred/outputs/pixel9_tflite_cpu_20260608_194312/kernels/conv-bn-relu/conv-bn-relu_prior_2VHXKG.tflite
13,531,209,1,2,4.697693,0.111188,0.304898,LitePred/outputs/pixel9_tflite_cpu_20260608_194312/kernels/conv-bn-relu/conv-bn-relu_prior_8C7QFX.tflite
8,458,160,1,1,4.70016,0.07344,0.23957,LitePred/outputs/pixel9_tflite_cpu_20260608_194312/kernels/conv-bn-relu/conv-bn-relu_prior_TXI3FS.tflite
27,125,208,1,2,4.776408,0.026208,0.25878500000000004,LitePred/outputs/pixel9_tflite_cpu_20260608_194312/kernels/conv-bn-relu/conv-bn-relu_prior_Q31EF6.tflite
14,172,23,5,2,4.847227,0.098923,0.27438,LitePred/outputs/pixel9_tflite_cpu_20260608_194312/kernels/conv-bn-relu/conv-bn-relu_prior_52WZKX.tflite
14,115,229,1,1,5.206544,0.026564,0.26515,LitePred/outputs/pixel9_tflite_cpu_20260608_194312/kernels/conv-bn-relu/conv-bn-relu_prior_OCNYCG.tflite
27,20,163,3,2,5.37692175,0.029503,0.29711000000000004,LitePred/outputs/pixel9_tflite_cpu_20260608_194312/kernels/conv-bn-relu/conv-bn-relu_prior_NV50A3.tflite
27,498,15,1,1,5.456565,0.007485,0.296341,LitePred/outputs/pixel9_tflite_cpu_20260608_194312/kernels/conv-bn-relu/conv-bn-relu_prior_AERYBO.tflite
56,8,202,1,1,5.701248,0.001818,0.370393,LitePred/outputs/pixel9_tflite_cpu_20260608_194312/kernels/conv-bn-relu/conv-bn-relu_prior_11L7C6.tflite
14,515,58,1,1,5.865888,0.029928,0.321032,LitePred/outputs/pixel9_tflite_cpu_20260608_194312/kernels/conv-bn-relu/conv-bn-relu_prior_V0Z84L.tflite
13,830,168,1,2,5.898438,0.139608,0.369477,LitePred/outputs/pixel9_tflite_cpu_20260608_194312/kernels/conv-bn-relu/conv-bn-relu_prior_EFGCOA.tflite
27,37,218,1,1,6.039036,0.008284,0.323035,LitePred/outputs/pixel9_tflite_cpu_20260608_194312/kernels/conv-bn-relu/conv-bn-relu_prior_D0UR36.tflite
13,58,26,5,1,6.375694,0.037726,0.39283300000000004,LitePred/outputs/pixel9_tflite_cpu_20260608_194312/kernels/conv-bn-relu/conv-bn-relu_prior_E8KU42.tflite
7,138,78,7,2,6.4620465,0.527514,0.479872,LitePred/outputs/pixel9_tflite_cpu_20260608_194312/kernels/conv-bn-relu/conv-bn-relu_prior_1Y2P3R.tflite
13,45,18,7,1,6.710652,0.039708,0.448304,LitePred/outputs/pixel9_tflite_cpu_20260608_194312/kernels/conv-bn-relu/conv-bn-relu_prior_9JIIBW.tflite
8,662,160,1,1,6.78912,0.10608,0.343763,LitePred/outputs/pixel9_tflite_cpu_20260608_194312/kernels/conv-bn-relu/conv-bn-relu_prior_CAJFZG.tflite
14,142,257,1,1,7.203196,0.036751,0.37092,LitePred/outputs/pixel9_tflite_cpu_20260608_194312/kernels/conv-bn-relu/conv-bn-relu_prior_LC5CGD.tflite
13,38,45,5,1,7.232355,0.042795,0.38622,LitePred/outputs/pixel9_tflite_cpu_20260608_194312/kernels/conv-bn-relu/conv-bn-relu_prior_KPYVE8.tflite
13,474,91,1,1,7.305025,0.043225,0.389857,LitePred/outputs/pixel9_tflite_cpu_20260608_194312/kernels/conv-bn-relu/conv-bn-relu_prior_HN4Y6W.tflite
28,85,110,1,1,7.41664,0.00946,0.38265499999999997,LitePred/outputs/pixel9_tflite_cpu_20260608_194312/kernels/conv-bn-relu/conv-bn-relu_prior_61V5VV.tflite
14,438,92,1,1,7.916048,0.040388,0.410505,LitePred/outputs/pixel9_tflite_cpu_20260608_194312/kernels/conv-bn-relu/conv-bn-relu_prior_W8ENIS.tflite
13,4,238,7,1,7.923734,0.046886,0.40513499999999997,LitePred/outputs/pixel9_tflite_cpu_20260608_194312/kernels/conv-bn-relu/conv-bn-relu_prior_IETUE1.tflite
13,769,63,1,1,8.19819,0.04851,0.42370800000000003,LitePred/outputs/pixel9_tflite_cpu_20260608_194312/kernels/conv-bn-relu/conv-bn-relu_prior_3Y679E.tflite
27,205,58,1,1,8.710092,0.011948,0.48014999999999997,LitePred/outputs/pixel9_tflite_cpu_20260608_194312/kernels/conv-bn-relu/conv-bn-relu_prior_5PK8DK.tflite
28,8,153,3,1,8.756496,0.011169,0.463706,LitePred/outputs/pixel9_tflite_cpu_20260608_194312/kernels/conv-bn-relu/conv-bn-relu_prior_0ZZQJ2.tflite
28,192,61,1,1,9.230032,0.011773,0.48331,LitePred/outputs/pixel9_tflite_cpu_20260608_194312/kernels/conv-bn-relu/conv-bn-relu_prior_20DZCY.tflite
14,204,230,1,1,9.2414,0.04715,0.465617,LitePred/outputs/pixel9_tflite_cpu_20260608_194312/kernels/conv-bn-relu/conv-bn-relu_prior_FBZ19F.tflite
28,123,96,1,1,9.332736,0.011904,0.467994,LitePred/outputs/pixel9_tflite_cpu_20260608_194312/kernels/conv-bn-relu/conv-bn-relu_prior_ZBY6K2.tflite
28,165,74,1,1,9.630656,0.012284,0.5211,LitePred/outputs/pixel9_tflite_cpu_20260608_194312/kernels/conv-bn-relu/conv-bn-relu_prior_U2H4BZ.tflite
7,243,33,5,1,9.824892,0.200508,0.6485019999999999,LitePred/outputs/pixel9_tflite_cpu_20260608_194312/kernels/conv-bn-relu/conv-bn-relu_prior_4733CP.tflite
14,202,247,1,1,9.827636,0.050141,0.49248000000000003,LitePred/outputs/pixel9_tflite_cpu_20260608_194312/kernels/conv-bn-relu/conv-bn-relu_prior_F2IM42.tflite
28,233,233,1,2,10.686312,0.054522,0.552741,LitePred/outputs/pixel9_tflite_cpu_20260608_194312/kernels/conv-bn-relu/conv-bn-relu_prior_TT5R5T.tflite
14,36,169,3,1,10.7653,0.054925,0.5546789999999999,LitePred/outputs/pixel9_tflite_cpu_20260608_194312/kernels/conv-bn-relu/conv-bn-relu_prior_RD0UET.tflite
28,216,66,1,1,11.228448,0.014322,0.609114,LitePred/outputs/pixel9_tflite_cpu_20260608_194312/kernels/conv-bn-relu/conv-bn-relu_prior_H2HPWO.tflite
27,224,8,3,1,11.763144,0.016136,0.580069,LitePred/outputs/pixel9_tflite_cpu_20260608_194312/kernels/conv-bn-relu/conv-bn-relu_prior_E993GU.tflite
14,213,32,3,1,12.029696,0.061376,0.600113,LitePred/outputs/pixel9_tflite_cpu_20260608_194312/kernels/conv-bn-relu/conv-bn-relu_prior_6SI9RE.tflite
13,532,136,1,1,12.250472,0.072488,0.622513,LitePred/outputs/pixel9_tflite_cpu_20260608_194312/kernels/conv-bn-relu/conv-bn-relu_prior_WT70NT.tflite
28,193,9,3,1,12.263328,0.015642,1.0679100000000001,LitePred/outputs/pixel9_tflite_cpu_20260608_194312/kernels/conv-bn-relu/conv-bn-relu_prior_17NZBA.tflite
13,495,148,1,1,12.405952,0.073408,0.649405,LitePred/outputs/pixel9_tflite_cpu_20260608_194312/kernels/conv-bn-relu/conv-bn-relu_prior_VR6CF6.tflite
27,29,24,5,1,12.702096,0.017424,0.622136,LitePred/outputs/pixel9_tflite_cpu_20260608_194312/kernels/conv-bn-relu/conv-bn-relu_prior_0ZBCDF.tflite
13,748,430,1,2,13.6074575,0.32207,0.861647,LitePred/outputs/pixel9_tflite_cpu_20260608_194312/kernels/conv-bn-relu/conv-bn-relu_prior_V8R488.tflite
14,39,208,3,1,14.350336,0.073216,0.718726,LitePred/outputs/pixel9_tflite_cpu_20260608_194312/kernels/conv-bn-relu/conv-bn-relu_prior_R0ZH88.tflite
27,67,6,7,1,14.364216,0.019704,0.947311,LitePred/outputs/pixel9_tflite_cpu_20260608_194312/kernels/conv-bn-relu/conv-bn-relu_prior_IKKIYG.tflite
56,35,129,1,1,14.563584,0.004644,0.803585,LitePred/outputs/pixel9_tflite_cpu_20260608_194312/kernels/conv-bn-relu/conv-bn-relu_prior_UTFYOX.tflite
13,181,476,1,1,14.640808,0.086632,0.756051,LitePred/outputs/pixel9_tflite_cpu_20260608_194312/kernels/conv-bn-relu/conv-bn-relu_prior_EPH76X.tflite
56,520,36,1,2,14.704704,0.018756,0.846237,LitePred/outputs/pixel9_tflite_cpu_20260608_194312/kernels/conv-bn-relu/conv-bn-relu_prior_65A5PP.tflite
14,967,78,1,1,14.798784,0.075504,0.760769,LitePred/outputs/pixel9_tflite_cpu_20260608_194312/kernels/conv-bn-relu/conv-bn-relu_prior_WOY6M7.tflite
28,10,156,7,2,15.012816,0.076596,0.7653099999999999,LitePred/outputs/pixel9_tflite_cpu_20260608_194312/kernels/conv-bn-relu/conv-bn-relu_prior_3D843Q.tflite
27,108,190,1,1,15.09759,0.02071,0.763832,LitePred/outputs/pixel9_tflite_cpu_20260608_194312/kernels/conv-bn-relu/conv-bn-relu_prior_G7SY14.tflite
27,86,255,1,1,16.172865,0.022185,0.819196,LitePred/outputs/pixel9_tflite_cpu_20260608_194312/kernels/conv-bn-relu/conv-bn-relu_prior_21BPRL.tflite
27,189,124,1,1,17.17524,0.02356,0.880171,LitePred/outputs/pixel9_tflite_cpu_20260608_194312/kernels/conv-bn-relu/conv-bn-relu_prior_P1H072.tflite
8,2012,139,1,1,17.907648,0.279807,0.9367730000000001,LitePred/outputs/pixel9_tflite_cpu_20260608_194312/kernels/conv-bn-relu/conv-bn-relu_prior_W2DTHZ.tflite
27,101,5,7,1,18.04275,0.02475,1.41216,LitePred/outputs/pixel9_tflite_cpu_20260608_194312/kernels/conv-bn-relu/conv-bn-relu_prior_FSO4MW.tflite
14,71,152,3,1,19.06688,0.09728,0.9459160000000001,LitePred/outputs/pixel9_tflite_cpu_20260608_194312/kernels/conv-bn-relu/conv-bn-relu_prior_KARAM3.tflite
14,519,188,1,1,19.16096,0.09776,0.972395,LitePred/outputs/pixel9_tflite_cpu_20260608_194312/kernels/conv-bn-relu/conv-bn-relu_prior_VRYGAU.tflite
56,25,241,1,1,19.650176,0.006266,1.0803,LitePred/outputs/pixel9_tflite_cpu_20260608_194312/kernels/conv-bn-relu/conv-bn-relu_prior_3SUR0C.tflite
14,75,149,3,1,19.741904,0.100724,0.997946,LitePred/outputs/pixel9_tflite_cpu_20260608_194312/kernels/conv-bn-relu/conv-bn-relu_prior_W3DKTQ.tflite
8,693,464,1,1,20.609024,0.322016,1.03848,LitePred/outputs/pixel9_tflite_cpu_20260608_194312/kernels/conv-bn-relu/conv-bn-relu_prior_ASTB92.tflite
13,12,1155,3,1,21.276255,0.125895,1.09924,LitePred/outputs/pixel9_tflite_cpu_20260608_194312/kernels/conv-bn-relu/conv-bn-relu_prior_FYVYRX.tflite
27,123,27,3,1,21.808764,0.029916,1.26807,LitePred/outputs/pixel9_tflite_cpu_20260608_194312/kernels/conv-bn-relu/conv-bn-relu_prior_HCY285.tflite
28,526,212,1,2,21.897904,0.111724,1.12221,LitePred/outputs/pixel9_tflite_cpu_20260608_194312/kernels/conv-bn-relu/conv-bn-relu_prior_KKJ4JU.tflite
14,245,465,1,1,22.42044,0.11439,1.1354000000000002,LitePred/outputs/pixel9_tflite_cpu_20260608_194312/kernels/conv-bn-relu/conv-bn-relu_prior_OWHF9C.tflite
27,176,185,1,1,23.871105,0.032745,1.22814,LitePred/outputs/pixel9_tflite_cpu_20260608_194312/kernels/conv-bn-relu/conv-bn-relu_prior_2MRZ4F.tflite
28,531,58,1,1,24.191104,0.030856,1.3401500000000002,LitePred/outputs/pixel9_tflite_cpu_20260608_194312/kernels/conv-bn-relu/conv-bn-relu_prior_K02QVL.tflite
8,526,80,3,1,24.2432,0.3788,1.22749,LitePred/outputs/pixel9_tflite_cpu_20260608_194312/kernels/conv-bn-relu/conv-bn-relu_prior_XTGJ91.tflite
27,66,59,3,1,25.591545,0.035105,1.3608900000000002,LitePred/outputs/pixel9_tflite_cpu_20260608_194312/kernels/conv-bn-relu/conv-bn-relu_prior_STFWML.tflite
28,162,17,7,2,26.452748,0.134963,1.8864100000000001,LitePred/outputs/pixel9_tflite_cpu_20260608_194312/kernels/conv-bn-relu/conv-bn-relu_prior_D26C67.tflite
8,183,189,7,2,27.119232,1.694952,1.54334,LitePred/outputs/pixel9_tflite_cpu_20260608_194312/kernels/conv-bn-relu/conv-bn-relu_prior_JWSBZ4.tflite
14,236,12,7,1,27.20088,0.13878,1.80817,LitePred/outputs/pixel9_tflite_cpu_20260608_194312/kernels/conv-bn-relu/conv-bn-relu_prior_ZRXISD.tflite
14,242,257,3,2,27.440147,0.560003,1.667,LitePred/outputs/pixel9_tflite_cpu_20260608_194312/kernels/conv-bn-relu/conv-bn-relu_prior_CVKRVC.tflite
14,434,147,3,2,28.142121,0.574329,1.5799400000000001,LitePred/outputs/pixel9_tflite_cpu_20260608_194312/kernels/conv-bn-relu/conv-bn-relu_prior_0X097Q.tflite
13,2047,83,1,1,28.727296,0.169984,1.60053,LitePred/outputs/pixel9_tflite_cpu_20260608_194312/kernels/conv-bn-relu/conv-bn-relu_prior_8IXUO9.tflite
56,539,17,1,1,28.78848,0.00918,2.09879,LitePred/outputs/pixel9_tflite_cpu_20260608_194312/kernels/conv-bn-relu/conv-bn-relu_prior_R4GLWS.tflite
13,981,179,1,1,29.706482,0.175778,1.53986,LitePred/outputs/pixel9_tflite_cpu_20260608_194312/kernels/conv-bn-relu/conv-bn-relu_prior_1RBYSZ.tflite
56,24,382,1,1,29.9488,0.00955,1.62515,LitePred/outputs/pixel9_tflite_cpu_20260608_194312/kernels/conv-bn-relu/conv-bn-relu_prior_VEYVKD.tflite
56,256,38,1,1,30.626176,0.009766,1.64673,LitePred/outputs/pixel9_tflite_cpu_20260608_194312/kernels/conv-bn-relu/conv-bn-relu_prior_NUUZX2.tflite
14,143,23,7,1,31.592064,0.161184,1.64542,LitePred/outputs/pixel9_tflite_cpu_20260608_194312/kernels/conv-bn-relu/conv-bn-relu_prior_HEHXM9.tflite
27,121,40,3,1,31.7844,0.0436,1.55608,LitePred/outputs/pixel9_tflite_cpu_20260608_194312/kernels/conv-bn-relu/conv-bn-relu_prior_668BLL.tflite
8,151,136,5,1,32.866304,0.513536,1.657,LitePred/outputs/pixel9_tflite_cpu_20260608_194312/kernels/conv-bn-relu/conv-bn-relu_prior_V1S0QG.tflite
28,64,685,1,1,34.9076,0.044525,1.78694,LitePred/outputs/pixel9_tflite_cpu_20260608_194312/kernels/conv-bn-relu/conv-bn-relu_prior_KXGWXZ.tflite
28,115,385,1,1,35.01344,0.04466,1.79132,LitePred/outputs/pixel9_tflite_cpu_20260608_194312/kernels/conv-bn-relu/conv-bn-relu_prior_QU8NA1.tflite
14,823,223,1,1,36.015392,0.183752,1.79223,LitePred/outputs/pixel9_tflite_cpu_20260608_194312/kernels/conv-bn-relu/conv-bn-relu_prior_LPGU21.tflite
28,207,25,3,1,36.5344,0.0466,2.31002,LitePred/outputs/pixel9_tflite_cpu_20260608_194312/kernels/conv-bn-relu/conv-bn-relu_prior_5R18W7.tflite
28,129,41,3,1,37.351328,0.047642,2.14961,LitePred/outputs/pixel9_tflite_cpu_20260608_194312/kernels/conv-bn-relu/conv-bn-relu_prior_97V9QN.tflite
28,244,196,1,1,37.64768,0.04802,1.89965,LitePred/outputs/pixel9_tflite_cpu_20260608_194312/kernels/conv-bn-relu/conv-bn-relu_prior_9DENCI.tflite
8,126,188,5,1,37.912832,0.592388,1.98127,LitePred/outputs/pixel9_tflite_cpu_20260608_194312/kernels/conv-bn-relu/conv-bn-relu_prior_39HFS3.tflite
27,252,209,1,1,38.547333,0.052877,1.97457,LitePred/outputs/pixel9_tflite_cpu_20260608_194312/kernels/conv-bn-relu/conv-bn-relu_prior_3L9CIA.tflite
28,251,204,1,1,40.303872,0.051408,2.03234,LitePred/outputs/pixel9_tflite_cpu_20260608_194312/kernels/conv-bn-relu/conv-bn-relu_prior_PBZ7X6.tflite
7,141,259,5,1,44.748466,0.913234,2.70694,LitePred/outputs/pixel9_tflite_cpu_20260608_194312/kernels/conv-bn-relu/conv-bn-relu_prior_EQPHXK.tflite
14,519,50,3,1,45.7856,0.2336,2.57198,LitePred/outputs/pixel9_tflite_cpu_20260608_194312/kernels/conv-bn-relu/conv-bn-relu_prior_P30BGD.tflite
13,216,26,7,1,46.51049,0.27521,2.91102,LitePred/outputs/pixel9_tflite_cpu_20260608_194312/kernels/conv-bn-relu/conv-bn-relu_prior_TU78DE.tflite
7,1017,87,7,2,53.1105855,4.335558,4.25533,LitePred/outputs/pixel9_tflite_cpu_20260608_194312/kernels/conv-bn-relu/conv-bn-relu_prior_VZ3OS3.tflite
13,843,374,1,1,53.345864,0.315656,2.71493,LitePred/outputs/pixel9_tflite_cpu_20260608_194312/kernels/conv-bn-relu/conv-bn-relu_prior_3FIQCC.tflite
112,94,45,1,1,53.6256,0.004275,2.88688,LitePred/outputs/pixel9_tflite_cpu_20260608_194312/kernels/conv-bn-relu/conv-bn-relu_prior_DX295M.tflite
56,479,36,1,1,54.19008,0.01728,3.13592,LitePred/outputs/pixel9_tflite_cpu_20260608_194312/kernels/conv-bn-relu/conv-bn-relu_prior_EZJJT0.tflite
56,202,86,1,1,54.748288,0.017458,2.84992,LitePred/outputs/pixel9_tflite_cpu_20260608_194312/kernels/conv-bn-relu/conv-bn-relu_prior_E5G3ZB.tflite
56,155,471,1,2,57.605184,0.073476,2.90604,LitePred/outputs/pixel9_tflite_cpu_20260608_194312/kernels/conv-bn-relu/conv-bn-relu_prior_681L5O.tflite
8,785,46,5,1,57.778944,0.902796,3.39358,LitePred/outputs/pixel9_tflite_cpu_20260608_194312/kernels/conv-bn-relu/conv-bn-relu_prior_Q3RMQX.tflite
27,256,314,1,1,58.828842,0.080698,2.99627,LitePred/outputs/pixel9_tflite_cpu_20260608_194312/kernels/conv-bn-relu/conv-bn-relu_prior_OX8FIO.tflite
14,574,11,7,1,60.641812,0.309397,4.38904,LitePred/outputs/pixel9_tflite_cpu_20260608_194312/kernels/conv-bn-relu/conv-bn-relu_prior_B0N0KF.tflite
8,541,195,3,1,60.7776,0.94965,3.57948,LitePred/outputs/pixel9_tflite_cpu_20260608_194312/kernels/conv-bn-relu/conv-bn-relu_prior_OZFPMY.tflite
13,182,162,7,2,61.0460955,1.444878,4.06948,LitePred/outputs/pixel9_tflite_cpu_20260608_194312/kernels/conv-bn-relu/conv-bn-relu_prior_OD663L.tflite
14,124,52,7,1,61.936784,0.316004,3.3414699999999997,LitePred/outputs/pixel9_tflite_cpu_20260608_194312/kernels/conv-bn-relu/conv-bn-relu_prior_G5ML8R.tflite
112,216,23,1,1,62.607104,0.004991,3.45768,LitePred/outputs/pixel9_tflite_cpu_20260608_194312/kernels/conv-bn-relu/conv-bn-relu_prior_HL7TW6.tflite
27,251,39,3,1,64.25406,0.08814,3.2601999999999998,LitePred/outputs/pixel9_tflite_cpu_20260608_194312/kernels/conv-bn-relu/conv-bn-relu_prior_KDNII6.tflite
56,210,98,1,1,64.846208,0.020678,3.5039499999999997,LitePred/outputs/pixel9_tflite_cpu_20260608_194312/kernels/conv-bn-relu/conv-bn-relu_prior_OZ04UI.tflite
56,56,165,3,2,65.3268,0.083325,3.3008,LitePred/outputs/pixel9_tflite_cpu_20260608_194312/kernels/conv-bn-relu/conv-bn-relu_prior_5XXDAO.tflite
27,514,178,1,1,66.82743,0.09167,3.47634,LitePred/outputs/pixel9_tflite_cpu_20260608_194312/kernels/conv-bn-relu/conv-bn-relu_prior_C9OY5S.tflite
56,176,123,1,1,68.273856,0.021771,3.583,LitePred/outputs/pixel9_tflite_cpu_20260608_194312/kernels/conv-bn-relu/conv-bn-relu_prior_1BHUO2.tflite
28,502,178,1,1,70.194656,0.089534,3.6792800000000003,LitePred/outputs/pixel9_tflite_cpu_20260608_194312/kernels/conv-bn-relu/conv-bn-relu_prior_NDRAD2.tflite
56,525,43,1,1,70.930048,0.022618,4.05305,LitePred/outputs/pixel9_tflite_cpu_20260608_194312/kernels/conv-bn-relu/conv-bn-relu_prior_MMMAEL.tflite
27,244,45,3,1,72.072585,0.098865,3.79227,LitePred/outputs/pixel9_tflite_cpu_20260608_194312/kernels/conv-bn-relu/conv-bn-relu_prior_68TREP.tflite
7,570,1163,3,2,73.10007425,5.967353,5.85547,LitePred/outputs/pixel9_tflite_cpu_20260608_194312/kernels/conv-bn-relu/conv-bn-relu_prior_IAGY5Y.tflite
7,1180,28,7,1,79.330412,1.618988,4.98154,LitePred/outputs/pixel9_tflite_cpu_20260608_194312/kernels/conv-bn-relu/conv-bn-relu_prior_R9EFNH.tflite
224,143,11,1,1,79.478784,0.001584,5.9322799999999996,LitePred/outputs/pixel9_tflite_cpu_20260608_194312/kernels/conv-bn-relu/conv-bn-relu_prior_7WDW7Y.tflite
112,25,251,1,1,81.862144,0.006526,4.48177,LitePred/outputs/pixel9_tflite_cpu_20260608_194312/kernels/conv-bn-relu/conv-bn-relu_prior_2MINIG.tflite
56,138,189,1,1,82.385856,0.026271,4.214720000000001,LitePred/outputs/pixel9_tflite_cpu_20260608_194312/kernels/conv-bn-relu/conv-bn-relu_prior_2V7XEA.tflite
28,559,190,1,1,83.4176,0.1064,4.179609999999999,LitePred/outputs/pixel9_tflite_cpu_20260608_194312/kernels/conv-bn-relu/conv-bn-relu_prior_40Q8N9.tflite
56,140,189,1,1,83.571264,0.026649,4.27729,LitePred/outputs/pixel9_tflite_cpu_20260608_194312/kernels/conv-bn-relu/conv-bn-relu_prior_D7ATV3.tflite
56,185,148,1,1,86.327808,0.027528,4.47429,LitePred/outputs/pixel9_tflite_cpu_20260608_194312/kernels/conv-bn-relu/conv-bn-relu_prior_H1YDAX.tflite
14,410,22,7,1,86.632392,0.442002,4.69182,LitePred/outputs/pixel9_tflite_cpu_20260608_194312/kernels/conv-bn-relu/conv-bn-relu_prior_KAINTK.tflite
56,534,52,1,1,87.24352,0.02782,4.81687,LitePred/outputs/pixel9_tflite_cpu_20260608_194312/kernels/conv-bn-relu/conv-bn-relu_prior_GWE85U.tflite
28,1706,70,1,1,93.68016,0.11949,4.85022,LitePred/outputs/pixel9_tflite_cpu_20260608_194312/kernels/conv-bn-relu/conv-bn-relu_prior_XMG332.tflite
13,508,504,3,2,97.377462,2.304792,6.2817,LitePred/outputs/pixel9_tflite_cpu_20260608_194312/kernels/conv-bn-relu/conv-bn-relu_prior_LZR8ZQ.tflite
14,461,121,3,1,98.4214,0.50215,5.18373,LitePred/outputs/pixel9_tflite_cpu_20260608_194312/kernels/conv-bn-relu/conv-bn-relu_prior_KSUGHP.tflite
27,148,925,1,1,100.474425,0.137825,5.01699,LitePred/outputs/pixel9_tflite_cpu_20260608_194312/kernels/conv-bn-relu/conv-bn-relu_prior_NLPKKF.tflite
28,1361,4,5,1,106.705536,0.136104,10.646799999999999,LitePred/outputs/pixel9_tflite_cpu_20260608_194312/kernels/conv-bn-relu/conv-bn-relu_prior_U0T542.tflite
56,183,186,1,1,107.326464,0.034224,5.57333,LitePred/outputs/pixel9_tflite_cpu_20260608_194312/kernels/conv-bn-relu/conv-bn-relu_prior_IXIB26.tflite
56,246,145,1,1,112.31584,0.035815,5.95486,LitePred/outputs/pixel9_tflite_cpu_20260608_194312/kernels/conv-bn-relu/conv-bn-relu_prior_Q1SJR6.tflite
13,520,52,5,1,114.252788,0.676052,6.79503,LitePred/outputs/pixel9_tflite_cpu_20260608_194312/kernels/conv-bn-relu/conv-bn-relu_prior_8CAKRC.tflite
56,294,124,1,1,114.71488,0.03658,5.98212,LitePred/outputs/pixel9_tflite_cpu_20260608_194312/kernels/conv-bn-relu/conv-bn-relu_prior_IEGTMM.tflite
14,58,409,5,1,116.317964,0.593459,5.82638,LitePred/outputs/pixel9_tflite_cpu_20260608_194312/kernels/conv-bn-relu/conv-bn-relu_prior_9VP8ZN.tflite
112,38,239,1,1,116.922624,0.009321,6.11553,LitePred/outputs/pixel9_tflite_cpu_20260608_194312/kernels/conv-bn-relu/conv-bn-relu_prior_2VPD13.tflite
14,1296,482,1,1,122.530184,0.625154,6.2213199999999995,LitePred/outputs/pixel9_tflite_cpu_20260608_194312/kernels/conv-bn-relu/conv-bn-relu_prior_WVRLL2.tflite
14,212,63,7,1,128.283372,0.654507,6.49107,LitePred/outputs/pixel9_tflite_cpu_20260608_194312/kernels/conv-bn-relu/conv-bn-relu_prior_WGXJRT.tflite
112,124,82,1,1,128.576,0.01025,7.1712299999999995,LitePred/outputs/pixel9_tflite_cpu_20260608_194312/kernels/conv-bn-relu/conv-bn-relu_prior_IH6195.tflite
56,223,21,3,1,132.238848,0.042168,7.51043,LitePred/outputs/pixel9_tflite_cpu_20260608_194312/kernels/conv-bn-relu/conv-bn-relu_prior_5YX7OY.tflite
14,218,64,7,1,134.007552,0.683712,7.21992,LitePred/outputs/pixel9_tflite_cpu_20260608_194312/kernels/conv-bn-relu/conv-bn-relu_prior_BPQERQ.tflite
27,46,83,7,1,136.443285,0.187165,7.26336,LitePred/outputs/pixel9_tflite_cpu_20260608_194312/kernels/conv-bn-relu/conv-bn-relu_prior_GMGML0.tflite
13,45,2003,3,1,137.433842,0.813218,7.11719,LitePred/outputs/pixel9_tflite_cpu_20260608_194312/kernels/conv-bn-relu/conv-bn-relu_prior_ULU9OP.tflite
56,187,247,1,1,145.623296,0.046436,7.33329,LitePred/outputs/pixel9_tflite_cpu_20260608_194312/kernels/conv-bn-relu/conv-bn-relu_prior_Z6VP7K.tflite
112,536,22,1,1,148.194816,0.011814,8.91686,LitePred/outputs/pixel9_tflite_cpu_20260608_194312/kernels/conv-bn-relu/conv-bn-relu_prior_8ARFXA.tflite
13,509,72,5,1,154.849968,0.916272,8.90622,LitePred/outputs/pixel9_tflite_cpu_20260608_194312/kernels/conv-bn-relu/conv-bn-relu_prior_2GE8W0.tflite
27,158,151,3,1,156.642417,0.214873,7.86766,LitePred/outputs/pixel9_tflite_cpu_20260608_194312/kernels/conv-bn-relu/conv-bn-relu_prior_TQ9KCV.tflite
56,367,137,1,1,158.104576,0.050416,8.437520000000001,LitePred/outputs/pixel9_tflite_cpu_20260608_194312/kernels/conv-bn-relu/conv-bn-relu_prior_1Q3EL4.tflite
28,1008,201,1,1,159.002256,0.202809,8.1593,LitePred/outputs/pixel9_tflite_cpu_20260608_194312/kernels/conv-bn-relu/conv-bn-relu_prior_4XO56I.tflite
27,145,245,5,2,161.9054325,0.88837,9.6766,LitePred/outputs/pixel9_tflite_cpu_20260608_194312/kernels/conv-bn-relu/conv-bn-relu_prior_YAJKOQ.tflite
14,852,20,7,1,163.65608,0.83498,11.0054,LitePred/outputs/pixel9_tflite_cpu_20260608_194312/kernels/conv-bn-relu/conv-bn-relu_prior_QB8U1C.tflite
14,499,35,7,1,167.74072,0.85582,10.6833,LitePred/outputs/pixel9_tflite_cpu_20260608_194312/kernels/conv-bn-relu/conv-bn-relu_prior_EOV1KM.tflite
8,462,122,7,1,176.765312,2.761958,9.67549,LitePred/outputs/pixel9_tflite_cpu_20260608_194312/kernels/conv-bn-relu/conv-bn-relu_prior_DIB0WA.tflite
28,10,464,7,1,178.614016,0.227824,8.8436,LitePred/outputs/pixel9_tflite_cpu_20260608_194312/kernels/conv-bn-relu/conv-bn-relu_prior_73VXHI.tflite
28,105,247,3,1,183.191008,0.233662,9.052059999999999,LitePred/outputs/pixel9_tflite_cpu_20260608_194312/kernels/conv-bn-relu/conv-bn-relu_prior_SZY5KL.tflite
28,504,490,1,1,194.0008,0.24745,9.71107,LitePred/outputs/pixel9_tflite_cpu_20260608_194312/kernels/conv-bn-relu/conv-bn-relu_prior_HR74OI.tflite
56,536,490,1,2,206.29392,0.26313,10.4274,LitePred/outputs/pixel9_tflite_cpu_20260608_194312/kernels/conv-bn-relu/conv-bn-relu_prior_0ZPBG7.tflite
224,34,119,1,1,208.98304,0.004165,11.2246,LitePred/outputs/pixel9_tflite_cpu_20260608_194312/kernels/conv-bn-relu/conv-bn-relu_prior_TFP7K4.tflite
14,511,44,7,1,215.94496,1.10176,13.1586,LitePred/outputs/pixel9_tflite_cpu_20260608_194312/kernels/conv-bn-relu/conv-bn-relu_prior_DV4C50.tflite
13,126,411,5,1,218.865309,1.295061,12.486600000000001,LitePred/outputs/pixel9_tflite_cpu_20260608_194312/kernels/conv-bn-relu/conv-bn-relu_prior_ARMR64.tflite
56,238,12,5,1,223.948032,0.071412,14.8001,LitePred/outputs/pixel9_tflite_cpu_20260608_194312/kernels/conv-bn-relu/conv-bn-relu_prior_5O0OFM.tflite
112,95,186,1,1,223.985664,0.017856,11.768600000000001,LitePred/outputs/pixel9_tflite_cpu_20260608_194312/kernels/conv-bn-relu/conv-bn-relu_prior_L4KZCA.tflite
27,68,505,3,1,225.672885,0.309565,11.257,LitePred/outputs/pixel9_tflite_cpu_20260608_194312/kernels/conv-bn-relu/conv-bn-relu_prior_ZRFQJ7.tflite
224,17,253,1,1,228.501504,0.004554,13.6402,LitePred/outputs/pixel9_tflite_cpu_20260608_194312/kernels/conv-bn-relu/conv-bn-relu_prior_VMK6L8.tflite
8,942,78,7,1,230.425728,3.600402,12.4735,LitePred/outputs/pixel9_tflite_cpu_20260608_194312/kernels/conv-bn-relu/conv-bn-relu_prior_8Z54PY.tflite
27,120,54,7,1,231.511446,0.317574,11.965399999999999,LitePred/outputs/pixel9_tflite_cpu_20260608_194312/kernels/conv-bn-relu/conv-bn-relu_prior_AIQPXR.tflite
28,445,27,5,1,235.515168,0.300402,13.8885,LitePred/outputs/pixel9_tflite_cpu_20260608_194312/kernels/conv-bn-relu/conv-bn-relu_prior_JKF7GZ.tflite
56,73,1016,1,1,235.777024,0.075184,12.0354,LitePred/outputs/pixel9_tflite_cpu_20260608_194312/kernels/conv-bn-relu/conv-bn-relu_prior_WB0E3A.tflite
8,833,493,3,1,236.576896,3.696514,12.6271,LitePred/outputs/pixel9_tflite_cpu_20260608_194312/kernels/conv-bn-relu/conv-bn-relu_prior_0ZKZ7C.tflite
112,201,95,1,1,240.71936,0.01919,12.7416,LitePred/outputs/pixel9_tflite_cpu_20260608_194312/kernels/conv-bn-relu/conv-bn-relu_prior_PCO06B.tflite
56,158,54,3,1,240.976512,0.076842,12.4986,LitePred/outputs/pixel9_tflite_cpu_20260608_194312/kernels/conv-bn-relu/conv-bn-relu_prior_H4N6NV.tflite
56,60,205,5,2,241.24072,0.307705,12.099200000000002,LitePred/outputs/pixel9_tflite_cpu_20260608_194312/kernels/conv-bn-relu/conv-bn-relu_prior_XUOU6F.tflite
27,227,164,3,1,244.372464,0.335216,12.364799999999999,LitePred/outputs/pixel9_tflite_cpu_20260608_194312/kernels/conv-bn-relu/conv-bn-relu_prior_H2DRQX.tflite
13,397,76,7,1,249.867176,1.478504,13.5765,LitePred/outputs/pixel9_tflite_cpu_20260608_194312/kernels/conv-bn-relu/conv-bn-relu_prior_N1VDFJ.tflite
8,930,502,3,1,268.943488,4.202242,14.6056,LitePred/outputs/pixel9_tflite_cpu_20260608_194312/kernels/conv-bn-relu/conv-bn-relu_prior_X8L6WJ.tflite
27,225,66,5,1,270.689364,0.371316,14.6846,LitePred/outputs/pixel9_tflite_cpu_20260608_194312/kernels/conv-bn-relu/conv-bn-relu_prior_NDNTDH.tflite
56,19,505,3,1,272.39296,0.08686,13.7207,LitePred/outputs/pixel9_tflite_cpu_20260608_194312/kernels/conv-bn-relu/conv-bn-relu_prior_H2CF40.tflite
112,59,392,1,1,295.03488,0.02352,15.0436,LitePred/outputs/pixel9_tflite_cpu_20260608_194312/kernels/conv-bn-relu/conv-bn-relu_prior_KICNKI.tflite
112,204,5,5,1,319.93472,0.025505,25.486099999999997,LitePred/outputs/pixel9_tflite_cpu_20260608_194312/kernels/conv-bn-relu/conv-bn-relu_prior_98WH1S.tflite
14,173,202,7,1,335.660976,1.712556,17.4543,LitePred/outputs/pixel9_tflite_cpu_20260608_194312/kernels/conv-bn-relu/conv-bn-relu_prior_XI3VG1.tflite
56,244,197,3,2,339.322256,0.432809,17.1177,LitePred/outputs/pixel9_tflite_cpu_20260608_194312/kernels/conv-bn-relu/conv-bn-relu_prior_9QO189.tflite
28,1719,255,1,1,343.8624,0.4386,17.1259,LitePred/outputs/pixel9_tflite_cpu_20260608_194312/kernels/conv-bn-relu/conv-bn-relu_prior_LWTI1I.tflite
27,234,2033,1,1,348.283395,0.477755,17.2653,LitePred/outputs/pixel9_tflite_cpu_20260608_194312/kernels/conv-bn-relu/conv-bn-relu_prior_0JEBC3.tflite
112,197,144,1,1,357.654528,0.028512,18.642400000000002,LitePred/outputs/pixel9_tflite_cpu_20260608_194312/kernels/conv-bn-relu/conv-bn-relu_prior_45XXUU.tflite
28,204,1009,3,2,363.292468,1.853533,18.516599999999997,LitePred/outputs/pixel9_tflite_cpu_20260608_194312/kernels/conv-bn-relu/conv-bn-relu_prior_BQU10M.tflite
27,52,209,7,1,388.368189,0.532741,20.329,LitePred/outputs/pixel9_tflite_cpu_20260608_194312/kernels/conv-bn-relu/conv-bn-relu_prior_MCMSO3.tflite
112,82,8,7,1,403.314688,0.032152,19.756400000000003,LitePred/outputs/pixel9_tflite_cpu_20260608_194312/kernels/conv-bn-relu/conv-bn-relu_prior_E90UVY.tflite
27,266,84,5,1,407.280636,0.558684,22.807599999999997,LitePred/outputs/pixel9_tflite_cpu_20260608_194312/kernels/conv-bn-relu/conv-bn-relu_prior_IC1JGX.tflite
56,230,23,5,1,414.808128,0.132273,21.453,LitePred/outputs/pixel9_tflite_cpu_20260608_194312/kernels/conv-bn-relu/conv-bn-relu_prior_LMHOFC.tflite
27,505,1154,1,1,425.680596,0.583924,21.1117,LitePred/outputs/pixel9_tflite_cpu_20260608_194312/kernels/conv-bn-relu/conv-bn-relu_prior_C38453.tflite
27,251,259,3,1,426.71286,0.58534,22.8573,LitePred/outputs/pixel9_tflite_cpu_20260608_194312/kernels/conv-bn-relu/conv-bn-relu_prior_4S5CJ8.tflite
56,530,258,1,1,429.625728,0.136998,21.8275,LitePred/outputs/pixel9_tflite_cpu_20260608_194312/kernels/conv-bn-relu/conv-bn-relu_prior_8FMSBA.tflite
7,159,1131,7,1,431.824848,8.812752,26.2207,LitePred/outputs/pixel9_tflite_cpu_20260608_194312/kernels/conv-bn-relu/conv-bn-relu_prior_0GO9BN.tflite
224,49,173,1,1,434.0224,0.00865,22.6513,LitePred/outputs/pixel9_tflite_cpu_20260608_194312/kernels/conv-bn-relu/conv-bn-relu_prior_5JC2TT.tflite
56,75,207,3,1,438.826752,0.139932,21.6632,LitePred/outputs/pixel9_tflite_cpu_20260608_194312/kernels/conv-bn-relu/conv-bn-relu_prior_75RT0R.tflite
56,222,71,3,1,445.089344,0.141929,22.3004,LitePred/outputs/pixel9_tflite_cpu_20260608_194312/kernels/conv-bn-relu/conv-bn-relu_prior_LF0QTF.tflite
13,155,691,5,1,452.635404,2.678316,23.6747,LitePred/outputs/pixel9_tflite_cpu_20260608_194312/kernels/conv-bn-relu/conv-bn-relu_prior_29BBO8.tflite
56,579,249,1,1,452.90112,0.14442,23.179,LitePred/outputs/pixel9_tflite_cpu_20260608_194312/kernels/conv-bn-relu/conv-bn-relu_prior_DNUC98.tflite
27,131,98,7,1,458.65764,0.62916,24.1646,LitePred/outputs/pixel9_tflite_cpu_20260608_194312/kernels/conv-bn-relu/conv-bn-relu_prior_HCRK8W.tflite
56,52,58,7,1,463.632512,0.147842,25.231,LitePred/outputs/pixel9_tflite_cpu_20260608_194312/kernels/conv-bn-relu/conv-bn-relu_prior_TRJ6MK.tflite
27,79,332,5,1,478.247328,0.656032,23.8504,LitePred/outputs/pixel9_tflite_cpu_20260608_194312/kernels/conv-bn-relu/conv-bn-relu_prior_UXJ6CQ.tflite
112,171,222,1,1,478.980096,0.038184,24.8342,LitePred/outputs/pixel9_tflite_cpu_20260608_194312/kernels/conv-bn-relu/conv-bn-relu_prior_25LY8G.tflite
8,996,157,7,1,490.39264,7.662385,30.1975,LitePred/outputs/pixel9_tflite_cpu_20260608_194312/kernels/conv-bn-relu/conv-bn-relu_prior_6DET3N.tflite
28,1292,499,1,1,505.842288,0.645207,25.259,LitePred/outputs/pixel9_tflite_cpu_20260608_194312/kernels/conv-bn-relu/conv-bn-relu_prior_1G1FFR.tflite
28,343,76,5,1,510.992384,0.651776,27.2238,LitePred/outputs/pixel9_tflite_cpu_20260608_194312/kernels/conv-bn-relu/conv-bn-relu_prior_QT9470.tflite
13,110,602,7,1,548.469558,3.245382,29.0405,LitePred/outputs/pixel9_tflite_cpu_20260608_194312/kernels/conv-bn-relu/conv-bn-relu_prior_R0L4I0.tflite
27,144,109,7,1,560.756277,0.769213,32.107,LitePred/outputs/pixel9_tflite_cpu_20260608_194312/kernels/conv-bn-relu/conv-bn-relu_prior_OY5T07.tflite
14,271,222,7,1,577.83936,2.94816,29.7862,LitePred/outputs/pixel9_tflite_cpu_20260608_194312/kernels/conv-bn-relu/conv-bn-relu_prior_N1X635.tflite
56,428,9,7,1,591.941952,0.188757,52.129400000000004,LitePred/outputs/pixel9_tflite_cpu_20260608_194312/kernels/conv-bn-relu/conv-bn-relu_prior_5Z9OVO.tflite
8,1176,316,5,1,594.605824,9.290716,35.735099999999996,LitePred/outputs/pixel9_tflite_cpu_20260608_194312/kernels/conv-bn-relu/conv-bn-relu_prior_1QSTK5.tflite
56,135,157,3,1,598.700032,0.190912,29.904799999999998,LitePred/outputs/pixel9_tflite_cpu_20260608_194312/kernels/conv-bn-relu/conv-bn-relu_prior_1WUHGN.tflite
14,483,256,5,1,605.925376,3.091456,31.4535,LitePred/outputs/pixel9_tflite_cpu_20260608_194312/kernels/conv-bn-relu/conv-bn-relu_prior_5J1B5P.tflite
28,123,258,5,1,622.188672,0.793608,32.0465,LitePred/outputs/pixel9_tflite_cpu_20260608_194312/kernels/conv-bn-relu/conv-bn-relu_prior_N7WKKM.tflite
56,876,230,1,1,632.56256,0.20171,31.8918,LitePred/outputs/pixel9_tflite_cpu_20260608_194312/kernels/conv-bn-relu/conv-bn-relu_prior_IBK38H.tflite
56,122,146,7,2,684.380256,0.872934,40.812599999999996,LitePred/outputs/pixel9_tflite_cpu_20260608_194312/kernels/conv-bn-relu/conv-bn-relu_prior_9NS438.tflite
56,506,37,7,2,719.25336,0.917415,45.505300000000005,LitePred/outputs/pixel9_tflite_cpu_20260608_194312/kernels/conv-bn-relu/conv-bn-relu_prior_66QSTG.tflite
28,825,190,5,2,768.11224,3.91894,42.9432,LitePred/outputs/pixel9_tflite_cpu_20260608_194312/kernels/conv-bn-relu/conv-bn-relu_prior_Q2YD7E.tflite
27,242,494,3,1,784.714554,1.076426,44.999,LitePred/outputs/pixel9_tflite_cpu_20260608_194312/kernels/conv-bn-relu/conv-bn-relu_prior_JZWBVL.tflite
27,243,505,3,1,805.50126,1.10494,45.4438,LitePred/outputs/pixel9_tflite_cpu_20260608_194312/kernels/conv-bn-relu/conv-bn-relu_prior_GVUDJ9.tflite
56,529,491,1,1,816.08128,0.26023,41.2993,LitePred/outputs/pixel9_tflite_cpu_20260608_194312/kernels/conv-bn-relu/conv-bn-relu_prior_0QNSIO.tflite
28,91,236,7,1,825.20704,1.05256,47.9469,LitePred/outputs/pixel9_tflite_cpu_20260608_194312/kernels/conv-bn-relu/conv-bn-relu_prior_UFFN5C.tflite
27,222,109,7,1,864.456219,1.185811,49.778800000000004,LitePred/outputs/pixel9_tflite_cpu_20260608_194312/kernels/conv-bn-relu/conv-bn-relu_prior_VS4M3Y.tflite
56,42,137,7,1,884.612288,0.282083,45.624199999999995,LitePred/outputs/pixel9_tflite_cpu_20260608_194312/kernels/conv-bn-relu/conv-bn-relu_prior_01MMPJ.tflite
56,204,29,7,1,909.167168,0.289913,49.6663,LitePred/outputs/pixel9_tflite_cpu_20260608_194312/kernels/conv-bn-relu/conv-bn-relu_prior_0MZ0N4.tflite
27,138,1011,3,1,916.114617,1.256673,49.8272,LitePred/outputs/pixel9_tflite_cpu_20260608_194312/kernels/conv-bn-relu/conv-bn-relu_prior_LVFXVF.tflite
112,213,7,7,1,916.539904,0.073066,52.1162,LitePred/outputs/pixel9_tflite_cpu_20260608_194312/kernels/conv-bn-relu/conv-bn-relu_prior_I5ECGD.tflite
27,108,242,7,1,933.780474,1.280906,52.7423,LitePred/outputs/pixel9_tflite_cpu_20260608_194312/kernels/conv-bn-relu/conv-bn-relu_prior_KF3VXZ.tflite
56,36,174,7,1,963.09696,0.30711,47.9493,LitePred/outputs/pixel9_tflite_cpu_20260608_194312/kernels/conv-bn-relu/conv-bn-relu_prior_D38PBM.tflite
56,226,113,7,2,981.1564,1.251475,52.6511,LitePred/outputs/pixel9_tflite_cpu_20260608_194312/kernels/conv-bn-relu/conv-bn-relu_prior_H97NV0.tflite
14,472,229,7,1,1038.122036,5.296541,60.1371,LitePred/outputs/pixel9_tflite_cpu_20260608_194312/kernels/conv-bn-relu/conv-bn-relu_prior_K4YAGH.tflite
28,131,408,5,1,1047.900672,1.336608,55.7256,LitePred/outputs/pixel9_tflite_cpu_20260608_194312/kernels/conv-bn-relu/conv-bn-relu_prior_WJ7IZ9.tflite
56,239,227,5,2,1063.536768,1.356552,55.194900000000004,LitePred/outputs/pixel9_tflite_cpu_20260608_194312/kernels/conv-bn-relu/conv-bn-relu_prior_6P4TDY.tflite
27,243,126,7,1,1093.797432,1.500408,56.0336,LitePred/outputs/pixel9_tflite_cpu_20260608_194312/kernels/conv-bn-relu/conv-bn-relu_prior_UQNVFI.tflite
56,84,86,7,1,1110.338432,0.354062,56.1669,LitePred/outputs/pixel9_tflite_cpu_20260608_194312/kernels/conv-bn-relu/conv-bn-relu_prior_U0S0S6.tflite
14,485,239,7,1,1113.294504,5.680074,66.0073,LitePred/outputs/pixel9_tflite_cpu_20260608_194312/kernels/conv-bn-relu/conv-bn-relu_prior_YZDT3Z.tflite
224,124,179,1,1,1122.688,0.022375,61.7319,LitePred/outputs/pixel9_tflite_cpu_20260608_194312/kernels/conv-bn-relu/conv-bn-relu_prior_MHJFIF.tflite
27,1136,152,3,1,1133.0118,1.5542,57.842,LitePred/outputs/pixel9_tflite_cpu_20260608_194312/kernels/conv-bn-relu/conv-bn-relu_prior_73FAK8.tflite
28,182,170,7,1,1188.72432,1.51623,61.968599999999995,LitePred/outputs/pixel9_tflite_cpu_20260608_194312/kernels/conv-bn-relu/conv-bn-relu_prior_4RRL9J.tflite
56,68,465,7,2,1215.07848,1.549845,62.3949,LitePred/outputs/pixel9_tflite_cpu_20260608_194312/kernels/conv-bn-relu/conv-bn-relu_prior_XFY2JE.tflite
56,262,123,7,2,1238.090448,1.579197,65.5242,LitePred/outputs/pixel9_tflite_cpu_20260608_194312/kernels/conv-bn-relu/conv-bn-relu_prior_E18FH0.tflite
56,694,70,3,1,1371.34144,0.43729,70.4162,LitePred/outputs/pixel9_tflite_cpu_20260608_194312/kernels/conv-bn-relu/conv-bn-relu_prior_FU1I8P.tflite
56,1742,252,1,1,1377.444096,0.439236,70.07639999999999,LitePred/outputs/pixel9_tflite_cpu_20260608_194312/kernels/conv-bn-relu/conv-bn-relu_prior_RKICC1.tflite
56,938,502,1,1,1478.241408,0.471378,74.08789999999999,LitePred/outputs/pixel9_tflite_cpu_20260608_194312/kernels/conv-bn-relu/conv-bn-relu_prior_0D8CAO.tflite
56,266,78,5,1,1626.887808,0.518778,82.8786,LitePred/outputs/pixel9_tflite_cpu_20260608_194312/kernels/conv-bn-relu/conv-bn-relu_prior_7XNF68.tflite
112,678,201,1,1,1711.992576,0.136479,90.198,LitePred/outputs/pixel9_tflite_cpu_20260608_194312/kernels/conv-bn-relu/conv-bn-relu_prior_PGID9T.tflite
56,2005,124,3,2,1754.359936,2.237704,95.91789999999999,LitePred/outputs/pixel9_tflite_cpu_20260608_194312/kernels/conv-bn-relu/conv-bn-relu_prior_GINYUH.tflite
56,149,514,3,1,2163.175168,0.689788,107.698,LitePred/outputs/pixel9_tflite_cpu_20260608_194312/kernels/conv-bn-relu/conv-bn-relu_prior_6NU7HB.tflite
56,540,54,5,1,2286.313344,0.729054,128.856,LitePred/outputs/pixel9_tflite_cpu_20260608_194312/kernels/conv-bn-relu/conv-bn-relu_prior_5IYNTK.tflite
56,656,1169,1,1,2408.551488,0.768033,121.394,LitePred/outputs/pixel9_tflite_cpu_20260608_194312/kernels/conv-bn-relu/conv-bn-relu_prior_K9NLOA.tflite
14,499,506,7,1,2425.051552,12.372712,146.205,LitePred/outputs/pixel9_tflite_cpu_20260608_194312/kernels/conv-bn-relu/conv-bn-relu_prior_VVNSZ2.tflite
56,230,73,7,1,2580.247488,0.822783,148.364,LitePred/outputs/pixel9_tflite_cpu_20260608_194312/kernels/conv-bn-relu/conv-bn-relu_prior_RMUDHJ.tflite
56,165,104,7,1,2637.200384,0.840944,132.985,LitePred/outputs/pixel9_tflite_cpu_20260608_194312/kernels/conv-bn-relu/conv-bn-relu_prior_M4WITI.tflite
56,214,161,5,1,2701.698496,0.861511,145.614,LitePred/outputs/pixel9_tflite_cpu_20260608_194312/kernels/conv-bn-relu/conv-bn-relu_prior_M1J0WS.tflite
112,502,501,1,1,3161.125632,0.252003,160.536,LitePred/outputs/pixel9_tflite_cpu_20260608_194312/kernels/conv-bn-relu/conv-bn-relu_prior_572K7G.tflite
14,1003,683,5,1,3356.873968,17.126908,201.582,LitePred/outputs/pixel9_tflite_cpu_20260608_194312/kernels/conv-bn-relu/conv-bn-relu_prior_OWMH89.tflite
112,167,186,3,1,3509.108736,0.279744,179.168,LitePred/outputs/pixel9_tflite_cpu_20260608_194312/kernels/conv-bn-relu/conv-bn-relu_prior_EKSBTZ.tflite
56,162,142,7,1,3535.331968,1.127338,194.767,LitePred/outputs/pixel9_tflite_cpu_20260608_194312/kernels/conv-bn-relu/conv-bn-relu_prior_XHBY76.tflite
28,203,490,7,1,3821.62368,4.87452,207.695,LitePred/outputs/pixel9_tflite_cpu_20260608_194312/kernels/conv-bn-relu/conv-bn-relu_prior_2ULBCJ.tflite
56,764,36,7,1,4226.487552,1.347732,235.826,LitePred/outputs/pixel9_tflite_cpu_20260608_194312/kernels/conv-bn-relu/conv-bn-relu_prior_0OF821.tflite
28,521,1174,3,1,4316.75104,5.50606,232.863,LitePred/outputs/pixel9_tflite_cpu_20260608_194312/kernels/conv-bn-relu/conv-bn-relu_prior_KRSA3B.tflite
56,541,212,7,2,4406.17408,5.62012,263.664,LitePred/outputs/pixel9_tflite_cpu_20260608_194312/kernels/conv-bn-relu/conv-bn-relu_prior_4QBVRX.tflite
56,183,183,7,1,5146.627584,1.641144,261.144,LitePred/outputs/pixel9_tflite_cpu_20260608_194312/kernels/conv-bn-relu/conv-bn-relu_prior_QFVILF.tflite
112,826,228,3,2,5316.08448,1.69518,276.014,LitePred/outputs/pixel9_tflite_cpu_20260608_194312/kernels/conv-bn-relu/conv-bn-relu_prior_7OSUXA.tflite
224,24,267,5,1,8051.592192,0.160467,400.755,LitePred/outputs/pixel9_tflite_cpu_20260608_194312/kernels/conv-bn-relu/conv-bn-relu_prior_THQAOS.tflite
56,655,180,5,1,9243.92448,2.94768,485.293,LitePred/outputs/pixel9_tflite_cpu_20260608_194312/kernels/conv-bn-relu/conv-bn-relu_prior_PEO7O5.tflite
224,989,216,1,1,10729.63584,0.21384,540.978,LitePred/outputs/pixel9_tflite_cpu_20260608_194312/kernels/conv-bn-relu/conv-bn-relu_prior_1MZU4N.tflite
28,1660,184,7,1,11733.927296,14.966744,664.56,LitePred/outputs/pixel9_tflite_cpu_20260608_194312/kernels/conv-bn-relu/conv-bn-relu_prior_EKJPG3.tflite
112,219,510,3,1,12615.75168,1.00572,703.004,LitePred/outputs/pixel9_tflite_cpu_20260608_194312/kernels/conv-bn-relu/conv-bn-relu_prior_QQOWH3.tflite
112,1043,1002,1,1,13122.127872,1.046088,749.342,LitePred/outputs/pixel9_tflite_cpu_20260608_194312/kernels/conv-bn-relu/conv-bn-relu_prior_MT8MTB.tflite
224,150,198,3,1,13421.979648,0.267498,675.7,LitePred/outputs/pixel9_tflite_cpu_20260608_194312/kernels/conv-bn-relu/conv-bn-relu_prior_DMI3ZX.tflite
112,128,959,3,1,13870.239488,1.105727,777.146,LitePred/outputs/pixel9_tflite_cpu_20260608_194312/kernels/conv-bn-relu/conv-bn-relu_prior_0S0RAS.tflite
56,155,979,7,1,23320.813824,7.436484,1385.01,LitePred/outputs/pixel9_tflite_cpu_20260608_194312/kernels/conv-bn-relu/conv-bn-relu_prior_7TQKJ5.tflite
112,206,500,7,1,63315.84,5.0475,4180.6,LitePred/outputs/pixel9_tflite_cpu_20260608_194312/kernels/conv-bn-relu/conv-bn-relu_prior_41T0I3.tflite
28,1677,1011,7,1,65133.084576,83.077914,4649.49,LitePred/outputs/pixel9_tflite_cpu_20260608_194312/kernels/conv-bn-relu/conv-bn-relu_prior_AUWQ7Q.tflite
112,764,185,7,1,86877.79968,6.925845,6424.63,LitePred/outputs/pixel9_tflite_cpu_20260608_194312/kernels/conv-bn-relu/conv-bn-relu_prior_E54CKS.tflite
112,982,1025,5,1,315666.9376,25.164775,23175.1,LitePred/outputs/pixel9_tflite_cpu_20260608_194312/kernels/conv-bn-relu/conv-bn-relu_prior_Q7FW67.tflite
